numero_nfse;data_emissao;tipo_entidade;municipio;cliente_nome;valor_mensal;pago_ou_não;
1;19/02/2025;camara;OLIVEIRA DOS BREJINHOS;CÂMARA MUNICIPAL DE OLIVEIRA DOS BREJINHOS;13000;Sim;
2;19/02/2025;camara;OLIVEIRA DOS BREJINHOS;CÂMARA MUNICIPAL DE OLIVEIRA DOS BREJINHOS;4000;Sim;
3;19/02/2025;camara;OLIVEIRA DOS BREJINHOS;CÂMARA MUNICIPAL DE OLIVEIRA DOS BREJINHOS;4700;Sim;
4;19/02/2025;camara;SÁTIRO DIAS;CAMARA MUNICIPAL DE SATIRO DIAS;15000;Sim;
5;19/02/2025;camara;SÁTIRO DIAS;CAMARA MUNICIPAL DE SATIRO DIAS;7000;Sim;
6;19/02/2025;camara;SÁTIRO DIAS;CAMARA MUNICIPAL DE SATIRO DIAS;8000;Sim;
7;19/02/2025;camara;CAMPO ALEGRE DE LOURDES;CAMARA MUNICIPAL DE CAMPO ALEGRE DE LOURDES;9000;Sim;
8;19/02/2025;camara;CAMPO ALEGRE DE LOURDES;CAMARA MUNICIPAL DE CAMPO ALEGRE DE LOURDES;7500;Sim;
9;19/02/2025;camara;CAMPO ALEGRE DE LOURDES;CAMARA MUNICIPAL DE CAMPO ALEGRE DE LOURDES;6000;Sim;
10;19/02/2025;camara;CAMAMU;CAMAMU CAMARA DE VEREADORES;8750;Sim;
11;19/02/2025;camara;NORDESTINA;CAMARA DE VEREADOREA DE NORDESTINA;13000;Sim;
12;19/02/2025;camara;NORDESTINA;CAMARA DE VEREADOREA DE NORDESTINA;8500;Sim;
13;19/02/2025;camara;APORÁ;CAMARA MUNICIPAL DE APORA;15000;Sim;
14;19/02/2025;camara;APORÁ;CAMARA MUNICIPAL DE APORA;7000;Sim;
15;19/02/2025;camara;APORÁ;CAMARA MUNICIPAL DE APORA;4500;Sim;
16;19/02/2025;camara;APORÁ;CAMARA MUNICIPAL DE APORA;4500;Sim;
17;19/02/2025;camara;SANTA BÁRBARA;CAMARA MUNICIPAL DE VEREADORES DE SANTA BARBARA B;9000;Sim;
19;19/02/2025;camara;SANTA BÁRBARA;CAMARA MUNICIPAL DE VEREADORES DE SANTA BARBARA B;4800;Sim;
20;19/02/2025;camara;SANTA BÁRBARA;CAMARA MUNICIPAL DE VEREADORES DE SANTA BARBARA B;4500;Sim;
21;19/02/2025;camara;QUIJINGUE;CAMARA MUNICIPAL DE QUIJINGUE;9000;Sim;
22;19/02/2025;camara;QUIJINGUE;CAMARA MUNICIPAL DE QUIJINGUE;4000;Sim;
23;19/02/2025;camara;QUIJINGUE;CAMARA MUNICIPAL DE QUIJINGUE;3500;Sim;
24;19/02/2025;camara;MUQUÉM DE SÃO FRANCISCO;CAMARA MUNICIPAL DE MUQUEM DO SAO FRANCISCO;10000;Sim;
25;19/02/2025;camara;MUQUÉM DE SÃO FRANCISCO;CAMARA MUNICIPAL DE MUQUEM DO SAO FRANCISCO;4500;Sim;
26;19/02/2025;camara;MUQUÉM DE SÃO FRANCISCO;CAMARA MUNICIPAL DE MUQUEM DO SAO FRANCISCO;2500;Sim;
27;19/02/2025;camara;GLÓRIA;CAMARA MUNICIPAL DE GLORIA;10600;Sim;
28;19/02/2025;camara;GLÓRIA;CAMARA MUNICIPAL DE GLORIA;6000;Sim;
29;19/02/2025;municipio;BARRA DO ROCHA;MUNICIPIO DE BARRA DO ROCHA;10000;Sim;
30;19/02/2025;municipio;OLIVEIRA DOS BREJINHOS;FUNDO MUNICIPAL DE SAUDE DE BARRA DO ROCHA-BA;4400;Sim;
31;19/02/2025;municipio;OLIVEIRA DOS BREJINHOS;SECRETARIA MUNICIPAL DE EDUCACAO, CULTURA, ESPORTES E LAZER;4600;Sim;
32;19/02/2025;municipio;CAMPO ALEGRE DE LOURDES;MUNICIPIO DE CAMPO ALEGRE DE LOURDES;12000;Sim;
33;19/02/2025;municipio;CAMPO ALEGRE DE LOURDES;NOME EMPRESARIAL FUNDO MUNICIPAL DE SAUDE CAMPO ALEGRE DE LOURDES;7000;Sim;
34;19/02/2025;municipio;CAMPO ALEGRE DE LOURDES;FUNDO MUNICIPAL DE EDUCACAO DE CAMPO ALEGRE DE LOURDES;7000;Sim;
35;19/02/2025;municipio;CAMPO ALEGRE DE LOURDES;FUNDO MUNICIPAL DE ASSISTENCIA SOCIAL;6000;Sim;
36;25/02/2025;municipio;PEDRO ALEXANDRE;MUNICIPIO DE PEDRO ALEXANDRE;18000;Sim;
37;25/02/2025;municipio;PEDRO ALEXANDRE;FUNDO MUNICIPAL DE SAUDE;7000;Sim;
38;25/02/2025;municipio;IGRAPIÚNA;MUNICIPI DE IGRAPIUNA;7000;Sim;
39;25/02/2025;municipio;IGRAPIÚNA;FUNDO MUNICIPAL DE SAUDE;6000;Sim;
40;25/02/2025;municipio;IGRAPIÚNA;FUNDO MUNICIPAL DE EDUCACAO DE IGRAPIUNA;6000;Sim;
41;25/02/2025;municipio;IGRAPIÚNA;FUNDO MUNICIPAL DE ASSISTENCIA SOCIAL;4000;Sim;
42;25/02/2025;municipio;ITUBERÁ;MUNICIPIO DE ITUBERA;17500;Sim;
43;25/02/2025;municipio;ITUBERÁ;FUNDO MUNICIPAL DE SAUDE DE ITUBERA;4500;Sim;
45;25/02/2025;municipio;ITUBERÁ;FUNDO MUNICIPAL DE EDUCACAO - FME;4500;Sim;
46;25/02/2025;municipio;OLIVEIRA DOS BREJINHOS;FUNDO MUNICIPAL DE ASSISTENCIA SOCIA;4500;Sim;
47;25/02/2025;municipio;SÃO FELIPE;MUNICIPIO DE SAO FELIPE;12000;Sim;
49;25/02/2025;municipio;SÃO FELIPE;FUNDO MUNICIPAL DE ACAO SOCIAL;3000;Sim;
50;25/02/2025;municipio;SÃO FELIPE;SECRETARIA MUNICIPAL DE EDUCACAO DE SAO FELIPE;4000;Sim;
52;25/02/2025;municipio;SÃO FELIPE;FUNDO MUNICIPAL DE SAUDE;6000;Sim;
54;25/02/2025;municipio;IBIRAPITANGA;MUNICIPIO DE IBIRAPITANGA;15500;Sim;
55;25/02/2025;municipio;IBIRAPITANGA;FUNDO MUNICIPAL DE EDUCACIONAL - FME;5000;Sim;
56;25/02/2025;municipio;IBIRAPITANGA;FUNDO MUNICIPAL DE SAUDE IBIRAPITANGA;5000;Sim;
57;25/02/2025;municipio;BARRA DO ROCHA;MUNICIPIO DE BARRA DO ROCHA;10000;Sim;
58;25/02/2025;municipio;OLIVEIRA DOS BREJINHOS;FUNDO MUNICIPAL DE SAUDE DE BARRA DO ROCHA-BA;4400;Sim;
59;25/02/2025;municipio;BARRA DO ROCHA;SECRETARIA MUNICIPAL DE EDUCACAO, CULTURA, ESPORTES E LAZER;4600;Sim;
60;25/02/2025;municipio;BURITIRAMA;MUNICIPIO DE BURITIRAMA;14000;Sim;
61;25/02/2025;municipio;BURITIRAMA;SECRETARIA MUNICIPAL DE EDUCACAO;9000;Sim;
62;25/02/2025;municipio;BURITIRAMA;FUNDO MUNICIPAL DE SAUDE DE BURITIRAMA;9000;Sim;
63;25/02/2025;municipio;BURITIRAMA;MUNICIPIO DE BURITIRAMA;8100;Sim;
64;25/02/2025;municipio;JAGUARIPE;MUNICIPIO DE JAGUARIPE;13000;Sim;
65;25/02/2025;municipio;JAGUARIPE;FUNDO MUNICIPAL DE ASSISTENCIA SOCIAL - FMAS DE JAGUARIPE;3000;Sim;
66;25/02/2025;municipio;JAGUARIPE;SECRETARIA MUNICIPAL DE EDUCACAO DE JAGUARIPE;7000;Sim;
67;25/02/2025;municipio;JAGUARIPE;FUNDO MUNICIPAL DE SAUDE;7000;Sim;
68;25/02/2025;municipio;ANDORINHA;MUNICIPIO DE ANDORINHA;12050;Sim;
69;25/02/2025;municipio;ANDORINHA;FUNDO MUNICIPAL DE ASSISTENCIA SOCIAL;6000;Sim;
70;25/02/2025;municipio;ANDORINHA;SECRETARIA MUNICIPAL DE EDUCACAO;8000;Sim;
71;25/02/2025;municipio;ANDORINHA;MUNICIPIO DE ANDORINHA;14000;Sim;
72;25/02/2025;municipio;ANDORINHA;FUNDO MUNICIPAL DE SAUDE DE ANDORINHA;8000;Sim;
73;25/02/2025;municipio;BARROCAS;MUNICIPIO DE BARROCAS;9000;Sim;
74;25/02/2025;municipio;BARROCAS;FUNDO MUNICIPAL DE ASSISTENCIA SOCIAL - FMAS;4000;Sim;
75;25/02/2025;municipio;BARROCAS;MUNICIPIO DE BARROCAS;4000;Sim;
76;25/02/2025;municipio;BARROCAS;FUNDO MUNICIPAL DE SAUDE;4000;Sim;
77;25/02/2025;municipio;BARROCAS;MUNICIPIO DE BARROCAS;4500;Sim;
78;25/02/2025;municipio;BARROCAS;MUNICIPIO DE BARROCAS;4500;Sim;
79;26/02/2025;municipio;SEABRA;MUNICIPIO DE SEABRA;15000;Sim;
80;26/02/2025;municipio;SEABRA;FUNDO MUNICIPAL DE ASSISTENCIA SOCIAL DE SEABRA;5000;Sim;
81;26/02/2025;municipio;SEABRA;FUNDO MUNICIPAL DE SAUDE;5000;Sim;
82;26/02/2025;municipio;SEABRA;FUNDO MUNICIPAL DE EDUCACAO - FME;5000;Sim;
83;26/02/2025;municipio;SEABRA;MUNICIPIO DE SEABRA;9600;Sim;
84;26/02/2025;municipio;MUQUÉM DE SÃO FRANCISCO;MUNICIPIO DE MUQUEM DO SAO FRANCISCO;16000;Sim;
85;26/02/2025;municipio;MUQUÉM DE SÃO FRANCISCO;FUNDO MUNICIPAL DE SAUDE;5000;Sim;
86;26/02/2025;municipio;OLIVEIRA DOS BREJINHOS;SECRETARIA MUNICIPAL DA EDUCACAO SEMED;4000;Sim;
87;26/02/2025;municipio;MUQUÉM DE SÃO FRANCISCO;FUNDO MUNICIPAL DE ASSISTENCIA SOCIAL;2000;Sim;
88;26/02/2025;municipio;MUQUÉM DE SÃO FRANCISCO;MUNICIPIO DE MUQUEM DO SAO FRANCISCO;4500;Sim;
89;26/02/2025;municipio;MUQUÉM DE SÃO FRANCISCO;SECRETARIA MUNICIPAL DA EDUCACAO SEMED;4500;Sim;
90;26/02/2025;municipio;MUQUÉM DE SÃO FRANCISCO;MUNICIPIO DE MUQUEM DO SAO FRANCISCO;20000;Sim;
91;26/02/2025;municipio;OLIVEIRA DOS BREJINHOS;MUNICIPIO DE OLIVEIRA DOS BREJINHOS;11424;Sim;
92;26/02/2025;municipio;OLIVEIRA DOS BREJINHOS;FUNDO MUNIC. DE ASS. SOCIAL - OLIV. DOS BREJINHOS;8000;Sim;
93;26/02/2025;municipio;OLIVEIRA DOS BREJINHOS;SECRETARIA DE EDUCACAO DE OLIVEIRA DOS BREJINHOS;9000;Sim;
94;26/02/2025;municipio;OLIVEIRA DOS BREJINHOS;FUNDO MUNICIPAL DE SAUDE - OLIVEIRA DOS BREJINHOS;9000;Sim;
95;26/02/2025;municipio;OLIVEIRA DOS BREJINHOS;SECRETARIA DE EDUCACAO DE OLIVEIRA DOS BREJINHOS;8000;Sim;
96;26/02/2025;municipio;SANTA BÁRBARA;MUNICIPIO DE SANTA BARBARA;15000;Sim;
98;26/02/2025;municipio;SANTA BÁRBARA;UMSAUDE - FUNDO MUNICIPAL DE SAUDE DE SANTA BARBARA;6500;Sim;
99;26/02/2025;municipio;SANTA BÁRBARA;FUNDO MUNICIPAL DE ASSISTENCIA SOCIAL - FMAS;4500;Sim;
100;26/02/2025;municipio;SANTA BÁRBARA;SECRETARIA MUNICIPAL DE EDUCACAO DE SANTA BARBARA;6500;Sim;
101;26/02/2025;municipio;QUIJINGUE;MUNICIPIO DE QUIJINGUE;13000;Sim;
102;26/02/2025;municipio;QUIJINGUE;FUNDO MUNICIPAL DE ASSISTENCIA SOCIAL;5000;Sim;
103;26/02/2025;municipio;QUIJINGUE;SECRETARIA MUNICIPAL DA EDUCACAO;6000;Sim;
104;26/02/2025;municipio;QUIJINGUE;FUNDO MUNICIPAL DE SAUDE DE QUIJINGUE;6000;Sim;
105;26/02/2025;municipio;SOUTO SOARES;MUNICIPIO DE SOUTO SOARES;6000;Sim;
106;26/02/2025;municipio;SOUTO SOARES;FUNDO MUNICIPAL DE SAUDE DE SOUTO SOARES;4000;Sim;
107;26/02/2025;municipio;SOUTO SOARES;FUNDO MUNICIPAL DE EDUCACAO DE SOUTO SOARES;4000;Sim;
108;26/02/2025;municipio;SOUTO SOARES;FUNDO MUNICIPAL DE ASSISTENCIA SOCIAL DE SOUTO SOARES;4000;Sim;
109;26/02/2025;municipio;IBIRATAIA;MUNICIPIO DE IBIRATAIA;20000;Sim;
110;26/02/2025;municipio;SANTO ESTÊVÃO;MUNICIPIO DE SANTO ESTEVAO;15000;Sim;
111;26/02/2025;municipio;SANTO ESTÊVÃO;SECRETARIA DA EDUCACAO;5000;Sim;
112;26/02/2025;municipio;OLIVEIRA DOS BREJINHOS;FUNDO MUNICIPAL DE SAUDE DE SANTO ESTEVAO;5000;Sim;
113;27/02/2025;municipio;ITAJU DO COLÔNIA;MUNICIPIO DE ITAJU DO COLONIA;9000;Sim;
114;27/02/2025;municipio;ITAJU DO COLÔNIA;FUNDO MUNICIPAL DE ASSISTENCIA SOCIAL;4000;Sim;
115;27/02/2025;municipio;ITAJU DO COLÔNIA;FUNDO MUNICIPAL DE EDUCACAO DE ITAJU DO COLONIA;4500;Sim;
117;27/02/2025;municipio;CAMPO ALEGRE DE LOURDES;MUNICIPIO DE CAMPO ALEGRE DE LOURDES;12000;Sim;
118;27/02/2025;municipio;CAMPO ALEGRE DE LOURDES;FUNDO MUNICIPAL DE ASSISTENCIA SOCIAL;6000;Sim;
119;27/02/2025;municipio;CAMPO ALEGRE DE LOURDES;NOME EMPRESARIAL FUNDO MUNICIPAL DE SAUDE CAMPO ALEGRE DE LOURDES;7000;Sim;
120;27/02/2025;municipio;CAMPO ALEGRE DE LOURDES;FUNDO MUNICIPAL DE EDUCACAO DE CAMPO ALEGRE DE LOURDES;7000;Sim;
121;27/02/2025;municipio;LAMARÃO;MUNICIPIO DE LAMARAO;9000;Sim;
122;27/02/2025;municipio;LAMARÃO;FUNDO MUNICIPAL DE ASSISTENCIA SOCIAL;4000;Sim;
123;27/02/2025;municipio;LAMARÃO;SECRETARIA MUNICIPAL DE EDUCACAO, CULTURA, ESPORTE E LAZER - SMECEL;4500;Sim;
124;27/02/2025;municipio;LAMARÃO;FUNDO MUNICIPAL DE SAUDE - FMS;4500;Sim;
125;27/02/2025;municipio;WENCESLAU GUIMARÃES;MUNICIPIO DE WENCESLAU GUIMARAES;18000;Sim;
126;27/02/2025;municipio;WENCESLAU GUIMARÃES;FUNDO MUNICIPAL DE SAUDE FMS;6500;Sim;
127;27/02/2025;municipio;WENCESLAU GUIMARÃES;FUNDO MUNICIPAL DE EDUCACAO - FME DO MUNICIPIO DE WENCESLAU GUIMARAES;4000;Sim;
128;27/02/2025;municipio;WENCESLAU GUIMARÃES;FUNDO MUNICIPAL DE ASSISTENCIA SOCIAL;4000;Sim;
129;27/02/2025;municipio;WENCESLAU GUIMARÃES;MUNICIPIO DE WENCESLAU GUIMARAES;5000;Sim;
130;27/02/2025;municipio;WENCESLAU GUIMARÃES;MUNICIPIO DE WENCESLAU GUIMARAES;10000;Sim;
131;27/02/2025;municipio;BOTUPORÃ;MUNICIPIO DE BOTUPORA;14375;Sim;
132;27/02/2025;municipio;BOTUPORÃ;FUNDO MUNICIPAL DE SAUDE DO MUNICIPIO DE BOTUPORA;10062,5;Sim;
133;27/02/2025;municipio;BOTUPORÃ;FUNDO MUNICIPAL DE EDUCACAO-FME;10062,5;Sim;
134;27/02/2025;municipio;GUARATINGA;MUNICIPIO DE GUARATINGA;10000;Sim;
135;27/02/2025;municipio;GUARATINGA;FUNDO MUNICIPAL DE SAUDE DE GUARATINGA;7500;Sim;
136;27/02/2025;municipio;GUARATINGA;FUNDO MUNICIPAL DE EDUCACAO - FME;7500;Sim;
137;27/02/2025;municipio;CARDEAL DA SILVA;MUNICIPIO DE CARDEAL DA SILVA;9000;Sim;
138;27/02/2025;municipio;CARDEAL DA SILVA;FUNDO MUNICIPAL DE SAUDE DE CARDEAL DA SILVA;4500;Sim;
139;27/02/2025;municipio;CARDEAL DA SILVA;FUNDO MUNICIPAL DE ASSISTENCIA SOCIAL;4500;Sim;
140;27/02/2025;municipio;GLÓRIA;MUNICIPIO DE GLORIA;18000;Sim;
141;27/02/2025;municipio;GLÓRIA;FUNDO MUNICIPAL DE ASSISTENCIA E BEM - ESTAR SOCIAL - FUMABES;3000;Sim;
142;27/02/2025;municipio;GLÓRIA;SECRETARIA MUNICIPAL DE EDUCACAO DE GLORIA-BA;4000;Sim;
143;27/02/2025;municipio;GLÓRIA;FMS-FUNDO MUNICIPAL DE SAUDE;5000;Sim;
144;27/02/2025;municipio;PAULO AFONSO;CONSORCIO PUBLICO INTERFEDERATIVO DE SAUDE DA REGIAO DE PAULO AFONSO;10000;Sim;
145;27/02/2025;municipio;CONDE;MUNICIPIO DE CONDE;20000;Sim;
146;27/02/2025;municipio;CONDE;FUNDO MUNICIPAL DE ASSISTENCIA SOCIAL DE CONDE;5000;Sim;
147;27/02/2025;municipio;CONDE;FUNDO MUNICIPAL DE EDUCACAO - FME;5000;Sim;
148;27/02/2025;municipio;CONDE;FUNDO MUNICIPAL DE SAUDE DE CONDE;5000;Sim;
149;27/02/2025;municipio;CANDEIAS;MUNICIPIO DE CANDEIAS;25500;Sim;
150;27/02/2025;municipio;ITAJU DO COLÔNIA;FUNDO MUNICIPAL DE SAUDE ITAJU DO COLONIA;4500;Sim;
152;27/02/2025;municipio;BOM JESUS DA LAPA;FUNDO MUNICIPAL DE ASSISTENCIA SOCIAL - FMAS;3000;Sim;
153;27/02/2025;municipio;BOM JESUS DA LAPA;MUNICIPIO DE BOM JESUS DA LAPA;21000;Sim;
155;27/02/2025;municipio;BOM JESUS DA LAPA;FUNDO MUNICIPAL DE EDUCACAO DO MUNICIPIO DE BOM JESUS DA LAPA;3000;Sim;
157;27/02/2025;municipio;BOM JESUS DA LAPA;NOME EMPRESARIAL FUNDO MUNICIPAL DE SAUDE DE BOM JESUS DA LAPA;3000;Sim;
158;27/02/2025;municipio;BOM JESUS DA LAPA;MUNICIPIO DE BOM JESUS DA LAPA;15000;Sim;
159;27/02/2025;municipio;BOA VISTA DO TUPIM;MUNICIPIO DE BOA VISTA DO TUPIM;6500;Sim;
160;27/02/2025;municipio;BOM JESUS DA LAPA;FUNDO MUNICIPAL DE ASSISTENCIA SOCIAL FMAS;4000;Sim;
161;27/02/2025;municipio;BOA VISTA DO TUPIM;MUNICIPIO DE BOA VISTA DO TUPIM;4000;Sim;
162;27/02/2025;municipio;BOA VISTA DO TUPIM;FUNDO MUNICIPAL DE SAUDE FUNSAUDE;4000;Sim;
163;27/02/2025;municipio;BOA VISTA DO TUPIM;MUNICIPIO DE BOA VISTA DO TUPIM;4500;Sim;
164;28/02/2025;camara;NORDESTINA;CAMARA DE VEREADOREA DE NORDESTINA;5455;Sim;
165;28/02/2025;municipio;IBOTIRAMA;PREFEITURA MUNICIPAL DE IBOTIRAMA;22000;Sim;
166;28/02/2025;municipio;IBOTIRAMA;FUNDO MUNICIPAL DE SAUDE;5000;Sim;
167;28/02/2025;municipio;OLIVEIRA DOS BREJINHOS;FUNDO MUNICIPAL DE EDUCACAO - FME;3000;Sim;
169;28/02/2025;municipio;IBOTIRAMA;FUNDO MUNICIPAL DE EDUCACAO - FME;3000;Sim;
170;28/02/2025;municipio;IBOTIRAMA;FUNDO MUNICIPAL DE ASSISTENCIA SOCIAL DE IBOTIRAMA;3000;Sim;
171;17/03/2025;camara;OLIVEIRA DOS BREJINHOS;CÂMARA MUNICIPAL DE OLIVEIRA DOS BREJINHOS;13000;Sim;
172;17/03/2025;camara;OLIVEIRA DOS BREJINHOS;CÂMARA MUNICIPAL DE OLIVEIRA DOS BREJINHOS;4000;Sim;
173;17/03/2025;camara;OLIVEIRA DOS BREJINHOS;CÂMARA MUNICIPAL DE OLIVEIRA DOS BREJINHOS;4700;Sim;
174;17/03/2025;camara;SÁTIRO DIAS;CAMARA MUNICIPAL DE SATIRO DIAS;15000;Sim;
175;17/03/2025;camara;SÁTIRO DIAS;CAMARA MUNICIPAL DE SATIRO DIAS;7000;Sim;
176;17/03/2025;camara;SÁTIRO DIAS;CAMARA MUNICIPAL DE SATIRO DIAS;8000;Sim;
177;17/03/2025;camara;CAMPO ALEGRE DE LOURDES;CAMARA MUNICIPAL DE CAMPO ALEGRE DE LOURDES;9000;Sim;
178;17/03/2025;camara;CAMPO ALEGRE DE LOURDES;CAMARA MUNICIPAL DE CAMPO ALEGRE DE LOURDES;7500;Sim;
179;17/03/2025;camara;CAMPO ALEGRE DE LOURDES;CAMARA MUNICIPAL DE CAMPO ALEGRE DE LOURDES;6000;Sim;
180;17/03/2025;camara;CAMAMU;CAMAMU CAMARA DE VEREADORES;8750;Sim;
181;17/03/2025;camara;NORDESTINA;CAMARA DE VEREADOREA DE NORDESTINA;13000;Sim;
182;17/03/2025;camara;NORDESTINA;CAMARA DE VEREADOREA DE NORDESTINA;8500;Sim;
183;17/03/2025;camara;NORDESTINA;CAMARA DE VEREADOREA DE NORDESTINA;5455;Sim;
184;17/03/2025;camara;APORÁ;CAMARA MUNICIPAL DE APORA;15000;Sim;
185;17/03/2025;camara;APORÁ;CAMARA MUNICIPAL DE APORA;7000;Sim;
186;17/03/2025;camara;APORÁ;CAMARA MUNICIPAL DE APORA;4500;Sim;
187;17/03/2025;camara;APORÁ;CAMARA MUNICIPAL DE APORA;4500;Sim;
188;17/03/2025;camara;SANTA BÁRBARA;CAMARA MUNICIPAL DE VEREADORES DE SANTA BARBARA B;9000;Sim;
189;17/03/2025;camara;SANTA BÁRBARA;CAMARA MUNICIPAL DE VEREADORES DE SANTA BARBARA B;4800;Sim;
190;17/03/2025;camara;SANTA BÁRBARA;CAMARA MUNICIPAL DE VEREADORES DE SANTA BARBARA B;4500;Sim;
192;17/03/2025;camara;QUIJINGUE;CAMARA MUNICIPAL DE QUIJINGUE;9000;Sim;
193;17/03/2025;camara;QUIJINGUE;CAMARA MUNICIPAL DE QUIJINGUE;4000;Sim;
194;17/03/2025;camara;QUIJINGUE;CAMARA MUNICIPAL DE QUIJINGUE;3500;Sim;
195;17/03/2025;camara;MUQUÉM DE SÃO FRANCISCO;CAMARA MUNICIPAL DE MUQUEM DO SAO FRANCISCO;10000;Sim;
196;17/03/2025;camara;MUQUÉM DE SÃO FRANCISCO;CAMARA MUNICIPAL DE MUQUEM DO SAO FRANCISCO;4500;Sim;
197;17/03/2025;camara;MUQUÉM DE SÃO FRANCISCO;CAMARA MUNICIPAL DE MUQUEM DO SAO FRANCISCO;2500;Sim;
198;17/03/2025;camara;GLÓRIA;CAMARA MUNICIPAL DE GLORIA;10600;Sim;
199;17/03/2025;camara;GLÓRIA;CAMARA MUNICIPAL DE GLORIA;6000;Sim;
200;17/03/2025;municipio;SÃO MIGUEL DAS MATAS;MUNICIPIO DE SAO MIGUEL DAS MATAS;20625;Sim;
201;17/03/2025;municipio;SÃO MIGUEL DAS MATAS;MUNICIPIO DE SAO MIGUEL DAS MATAS;20625;Sim;
202;26/03/2025;municipio;PEDRO ALEXANDRE;MUNICIPIO DE PEDRO ALEXANDRE;18000;Sim;
203;26/03/2025;municipio;PEDRO ALEXANDRE;FUNDO MUNICIPAL DE SAUDE;7000;Sim;
204;26/03/2025;municipio;IGRAPIÚNA;MUNICIPI DE IGRAPIUNA;7000;Sim;
205;26/03/2025;municipio;IGRAPIÚNA;FUNDO MUNICIPAL DE SAUDE;6000;Sim;
206;26/03/2025;municipio;IGRAPIÚNA;FUNDO MUNICIPAL DE EDUCACAO DE IGRAPIUNA;6000;Sim;
207;26/03/2025;municipio;IGRAPIÚNA;FUNDO MUNICIPAL DE ASSISTENCIA SOCIAL;4000;Sim;
208;26/03/2025;municipio;ITUBERÁ;MUNICIPIO DE ITUBERA;17500;Sim;
209;26/03/2025;municipio;ITUBERÁ;FUNDO MUNICIPAL DE SAUDE DE ITUBERA;4500;Sim;
210;26/03/2025;municipio;ITUBERÁ;FUNDO MUNICIPAL DE EDUCACAO - FME;4500;Sim;
211;26/03/2025;municipio;OLIVEIRA DOS BREJINHOS;FUNDO MUNICIPAL DE ASSISTENCIA SOCIA;4500;Sim;
212;26/03/2025;municipio;SÃO FELIPE;MUNICIPIO DE SAO FELIPE;12000;Sim;
213;26/03/2025;municipio;OLIVEIRA DOS BREJINHOS;FUNDO MUNICIPAL DE ACAO SOCIAL;3000;Sim;
214;26/03/2025;municipio;SÃO FELIPE;SECRETARIA MUNICIPAL DE EDUCACAO DE SAO FELIPE;4000;Sim;
215;26/03/2025;municipio;OLIVEIRA DOS BREJINHOS;FUNDO MUNICIPAL DE SAUDE;6000;Sim;
217;26/03/2025;municipio;IBIRAPITANGA;MUNICIPIO DE IBIRAPITANGA;15500;Sim;
219;26/03/2025;municipio;IBIRAPITANGA;FUNDO MUNICIPAL DE EDUCACIONAL - FME;5000;Sim;
220;26/03/2025;municipio;IBIRAPITANGA;FUNDO MUNICIPAL DE SAUDE IBIRAPITANGA;5000;Sim;
221;26/03/2025;municipio;BARRA DO ROCHA;MUNICIPIO DE BARRA DO ROCHA;10000;Sim;
222;26/03/2025;municipio;OLIVEIRA DOS BREJINHOS;FUNDO MUNICIPAL DE SAUDE DE BARRA DO ROCHA-BA;4400;Sim;
223;26/03/2025;municipio;OLIVEIRA DOS BREJINHOS;SECRETARIA MUNICIPAL DE EDUCACAO, CULTURA, ESPORTES E LAZER;4600;Sim;
224;26/03/2025;municipio;BURITIRAMA;MUNICIPIO DE BURITIRAMA;14000;Sim;
225;26/03/2025;municipio;BURITIRAMA;SECRETARIA MUNICIPAL DE EDUCACAO;9000;Sim;
226;26/03/2025;municipio;BURITIRAMA;FUNDO MUNICIPAL DE SAUDE DE BURITIRAMA;9000;Sim;
227;26/03/2025;municipio;BURITIRAMA;MUNICIPIO DE BURITIRAMA;8100;Sim;
228;26/03/2025;municipio;JAGUARIPE;MUNICIPIO DE JAGUARIPE;13000;Sim;
229;26/03/2025;municipio;JAGUARIPE;FUNDO MUNICIPAL DE ASSISTENCIA SOCIAL - FMAS DE JAGUARIPE;3000;Sim;
230;26/03/2025;municipio;JAGUARIPE;SECRETARIA MUNICIPAL DE EDUCACAO DE JAGUARIPE;7000;Sim;
231;26/03/2025;municipio;JAGUARIPE;FUNDO MUNICIPAL DE SAUDE;7000;Sim;
232;26/03/2025;municipio;SEABRA;MUNICIPIO DE SEABRA;15000;Sim;
233;26/03/2025;municipio;SEABRA;FUNDO MUNICIPAL DE ASSISTENCIA SOCIAL DE SEABRA;5000;Sim;
234;26/03/2025;municipio;SEABRA;FUNDO MUNICIPAL DE SAUDE;5000;Sim;
235;26/03/2025;municipio;SEABRA;FUNDO MUNICIPAL DE EDUCACAO - FME;5000;Sim;
236;26/03/2025;municipio;SEABRA;MUNICIPIO DE SEABRA;9600;Sim;
237;26/03/2025;municipio;SANTO ESTÊVÃO;MUNICIPIO DE SANTO ESTEVAO;15000;Sim;
238;26/03/2025;municipio;SANTO ESTÊVÃO;SECRETARIA DA EDUCACAO;5000;Sim;
239;26/03/2025;municipio;SANTO ESTÊVÃO;FUNDO MUNICIPAL DE SAUDE DE SANTO ESTEVAO;5000;Sim;
240;26/03/2025;municipio;MUQUÉM DE SÃO FRANCISCO;MUNICIPIO DE MUQUEM DO SAO FRANCISCO;16000;Sim;
241;26/03/2025;municipio;MUQUÉM DE SÃO FRANCISCO;FUNDO MUNICIPAL DE SAUDE;5000;Sim;
242;26/03/2025;municipio;MUQUÉM DE SÃO FRANCISCO;SECRETARIA MUNICIPAL DA EDUCACAO SEMED;4000;Sim;
243;26/03/2025;municipio;MUQUÉM DE SÃO FRANCISCO;FUNDO MUNICIPAL DE ASSISTENCIA SOCIAL;2000;Sim;
244;26/03/2025;municipio;MUQUÉM DE SÃO FRANCISCO;MUNICIPIO DE MUQUEM DO SAO FRANCISCO;4500;Sim;
245;26/03/2025;municipio;MUQUÉM DE SÃO FRANCISCO;SECRETARIA MUNICIPAL DA EDUCACAO SEMED;4500;Sim;
246;26/03/2025;municipio;MUQUÉM DE SÃO FRANCISCO;MUNICIPIO DE MUQUEM DO SAO FRANCISCO;20000;Sim;
247;26/03/2025;municipio;IBIRATAIA;MUNICIPIO DE IBIRATAIA;20000;Sim;
248;27/03/2025;municipio;SOUTO SOARES;MUNICIPIO DE SOUTO SOARES;6000;Sim;
249;27/03/2025;municipio;SOUTO SOARES;FUNDO MUNICIPAL DE SAUDE DE SOUTO SOARES;4000;Sim;
250;27/03/2025;municipio;SOUTO SOARES;FUNDO MUNICIPAL DE EDUCACAO DE SOUTO SOARES;4000;Sim;
251;27/03/2025;municipio;SOUTO SOARES;FUNDO MUNICIPAL DE ASSISTENCIA SOCIAL DE SOUTO SOARES;4000;Sim;
252;27/03/2025;municipio;ITAJU DO COLÔNIA;MUNICIPIO DE ITAJU DO COLONIA;9000;Sim;
253;27/03/2025;municipio;ITAJU DO COLÔNIA;FUNDO MUNICIPAL DE ASSISTENCIA SOCIAL;4000;Sim;
254;27/03/2025;municipio;ITAJU DO COLÔNIA;FUNDO MUNICIPAL DE EDUCACAO DE ITAJU DO COLONIA;4500;Sim;
255;27/03/2025;municipio;ITAJU DO COLÔNIA;FUNDO MUNICIPAL DE SAUDE ITAJU DO COLONIA;4500;Sim;
256;27/03/2025;municipio;OLIVEIRA DOS BREJINHOS;PREFEITURA MUNICIPAL DE OLIVEIRA DOS BREJINHOS;11424;Sim;
257;27/03/2025;municipio;OLIVEIRA DOS BREJINHOS;FUNDO MUNIC. DE ASS. SOCIAL - OLIV. DOS BREJINHOS;8000;Sim;
258;27/03/2025;municipio;OLIVEIRA DOS BREJINHOS;SECRETARIA DE EDUCACAO DE OLIVEIRA DOS BREJINHOS;9000;Sim;
259;27/03/2025;municipio;OLIVEIRA DOS BREJINHOS;F.M.S - Fundo Municipal de Saúde;9000;Sim;
260;27/03/2025;municipio;OLIVEIRA DOS BREJINHOS;SECRETARIA DE EDUCACAO DE OLIVEIRA DOS BREJINHOS;8000;Sim;
261;27/03/2025;municipio;SANTA BÁRBARA;MUNICIPIO DE SANTA BARBARA;15000;Sim;
263;27/03/2025;municipio;SANTA BÁRBARA;UMSAUDE - FUNDO MUNICIPAL DE SAUDE DE SANTA BARBARA;6500;Sim;
264;27/03/2025;municipio;SANTA BÁRBARA;SECRETARIA MUNICIPAL DE EDUCACAO DE SANTA BARBARA;6500;Sim;
265;27/03/2025;municipio;SANTA BÁRBARA;FUNDO MUNICIPAL DE ASSISTENCIA SOCIAL - FMAS;4500;Sim;
266;27/03/2025;municipio;LAMARÃO;MUNICIPIO DE LAMARAO;9000;Sim;
267;27/03/2025;municipio;LAMARÃO;FUNDO MUNICIPAL DE ASSISTENCIA SOCIAL;4000;Sim;
268;27/03/2025;municipio;LAMARÃO;SECRETARIA MUNICIPAL DE EDUCACAO, CULTURA, ESPORTE E LAZER - SMECEL;4500;Sim;
269;27/03/2025;municipio;LAMARÃO;FUNDO MUNICIPAL DE SAUDE - FMS;4500;Sim;
270;27/03/2025;municipio;WENCESLAU GUIMARÃES;MUNICIPIO DE WENCESLAU GUIMARAES;18000;Sim;
271;27/03/2025;municipio;WENCESLAU GUIMARÃES;FUNDO MUNICIPAL DE SAUDE FMS;6500;Sim;
272;27/03/2025;municipio;WENCESLAU GUIMARÃES;FUNDO MUNICIPAL DE EDUCACAO - FME DO MUNICIPIO DE WENCESLAU GUIMARAES;4000;Sim;
273;27/03/2025;municipio;WENCESLAU GUIMARÃES;FUNDO MUNICIPAL DE ASSISTENCIA SOCIAL;4000;Sim;
275;27/03/2025;municipio;WENCESLAU GUIMARÃES;MUNICIPIO DE WENCESLAU GUIMARAES;10000;Sim;
276;27/03/2025;municipio;WENCESLAU GUIMARÃES;MUNICIPIO DE WENCESLAU GUIMARAES;5000;Sim;
277;27/03/2025;municipio;BOTUPORÃ;MUNICIPIO DE BOTUPORA;14375;Sim;
278;27/03/2025;municipio;BOTUPORÃ;FUNDO MUNICIPAL DE SAUDE DO MUNICIPIO DE BOTUPORA;10062,5;Sim;
279;27/03/2025;municipio;BOTUPORÃ;FUNDO MUNICIPAL DE EDUCACAO-FME;10062,5;Sim;
280;27/03/2025;municipio;SÃO MIGUEL DAS MATAS;MUNICIPIO DE SAO MIGUEL DAS MATAS;20625;Sim;
281;27/03/2025;municipio;GUARATINGA;MUNICIPIO DE GUARATINGA;10000;Sim;
282;27/03/2025;municipio;GUARATINGA;FUNDO MUNICIPAL DE SAUDE DE GUARATINGA;7500;Sim;
283;27/03/2025;municipio;GUARATINGA;FUNDO MUNICIPAL DE EDUCACAO - FME;7500;Sim;
284;27/03/2025;municipio;CARDEAL DA SILVA;MUNICIPIO DE CARDEAL DA SILVA;9000;Sim;
285;27/03/2025;municipio;CARDEAL DA SILVA;FUNDO MUNICIPAL DE SAUDE DE CARDEAL DA SILVA;4500;Sim;
286;27/03/2025;municipio;CARDEAL DA SILVA;FUNDO MUNICIPAL DE ASSISTENCIA SOCIAL;4500;Sim;
287;27/03/2025;municipio;CAMPO ALEGRE DE LOURDES;MUNICIPIO DE CAMPO ALEGRE DE LOURDES;12000;Sim;
288;27/03/2025;municipio;CAMPO ALEGRE DE LOURDES;FUNDO MUNICIPAL DE ASSISTENCIA SOCIAL;6000;Sim;
289;27/03/2025;municipio;CAMPO ALEGRE DE LOURDES;NOME EMPRESARIAL FUNDO MUNICIPAL DE SAUDE CAMPO ALEGRE DE LOURDES;7000;Sim;
290;27/03/2025;municipio;CAMPO ALEGRE DE LOURDES;FUNDO MUNICIPAL DE EDUCACAO DE CAMPO ALEGRE DE LOURDES;7000;Sim;
291;27/03/2025;municipio;BARROCAS;MUNICIPIO DE BARROCAS;9000;Sim;
292;27/03/2025;municipio;BARROCAS;FUNDO MUNICIPAL DE ASSISTENCIA SOCIAL - FMAS;4000;Sim;
293;27/03/2025;municipio;BARROCAS;MUNICIPIO DE BARROCAS;4000;Sim;
294;27/03/2025;municipio;BARROCAS;FUNDO MUNICIPAL DE SAUDE;4000;Sim;
295;27/03/2025;municipio;BARROCAS;MUNICIPIO DE BARROCAS;4500;Sim;
296;27/03/2025;municipio;BARROCAS;MUNICIPIO DE BARROCAS;4500;Sim;
297;27/03/2025;municipio;CONDE;MUNICIPIO DE CONDE;20000;Sim;
298;27/03/2025;municipio;CONDE;FUNDO MUNICIPAL DE ASSISTENCIA SOCIAL DE CONDE;5000;Sim;
299;27/03/2025;municipio;CONDE;FUNDO MUNICIPAL DE EDUCACAO - FME;5000;Sim;
300;27/03/2025;municipio;CONDE;FUNDO MUNICIPAL DE SAUDE DE CONDE;5000;Sim;
301;27/03/2025;municipio;IBOTIRAMA;PREFEITURA MUNICIPAL DE IBOTIRAMA;22000;Sim;
302;27/03/2025;municipio;IBOTIRAMA;FUNDO MUNICIPAL DE SAUDE;5000;Sim;
304;27/03/2025;municipio;IBOTIRAMA;FUNDO MUNICIPAL DE EDUCACAO - FME;3000;Sim;
305;27/03/2025;municipio;IBOTIRAMA;FUNDO MUNICIPAL DE ASSISTENCIA SOCIAL DE IBOTIRAMA;3000;Sim;
306;27/03/2025;municipio;PAULO AFONSO;CONSORCIO PUBLICO INTERFEDERATIVO DE SAUDE DA REGIAO DE PAULO AFONSO;10000;Sim;
307;27/03/2025;municipio;ANDORINHA;MUNICIPIO DE ANDORINHA;12050;Sim;
308;27/03/2025;municipio;ANDORINHA;FUNDO MUNICIPAL DE ASSISTENCIA SOCIAL;6000;Sim;
309;27/03/2025;municipio;ANDORINHA;SECRETARIA MUNICIPAL DE EDUCACAO;8000;Sim;
310;27/03/2025;municipio;ANDORINHA;FUNDO MUNICIPAL DE SAUDE DE ANDORINHA;8000;Sim;
311;27/03/2025;municipio;ANDORINHA;MUNICIPIO DE ANDORINHA;14000;Sim;
312;27/03/2025;municipio;BOA VISTA DO TUPIM;MUNICIPIO DE BOA VISTA DO TUPIM;6500;Sim;
313;27/03/2025;municipio;BOM JESUS DA LAPA;FUNDO MUNICIPAL DE ASSISTENCIA SOCIAL FMAS;4000;Sim;
314;27/03/2025;municipio;BOA VISTA DO TUPIM;MUNICIPIO DE BOA VISTA DO TUPIM;4000;Sim;
315;27/03/2025;municipio;BOA VISTA DO TUPIM;FUNDO MUNICIPAL DE SAUDE FUNSAUDE;4000;Sim;
316;27/03/2025;municipio;BOA VISTA DO TUPIM;MUNICIPIO DE BOA VISTA DO TUPIM;4500;Sim;
318;27/03/2025;municipio;BOM JESUS DA LAPA;FUNDO MUNICIPAL DE ASSISTENCIA SOCIAL - FMAS;3000;Sim;
320;27/03/2025;municipio;BOM JESUS DA LAPA;NOME EMPRESARIAL FUNDO MUNICIPAL DE SAUDE DE BOM JESUS DA LAPA;3000;Sim;
321;27/03/2025;municipio;BOM JESUS DA LAPA;FUNDO MUNICIPAL DE EDUCACAO DO MUNICIPIO DE BOM JESUS DA LAPA;3000;Sim;
322;27/03/2025;municipio;BOM JESUS DA LAPA;MUNICIPIO DE BOM JESUS DA LAPA;15000;Sim;
323;27/03/2025;municipio;BOM JESUS DA LAPA;MUNICIPIO DE BOM JESUS DA LAPA;21000;Sim;
324;27/03/2025;municipio;GLÓRIA;MUNICIPIO DE GLORIA;18000;Sim;
325;27/03/2025;municipio;GLÓRIA;FUNDO MUNICIPAL DE ASSISTENCIA E BEM - ESTAR SOCIAL - FUMABES;3000;Sim;
326;27/03/2025;municipio;GLÓRIA;SECRETARIA MUNICIPAL DE EDUCACAO DE GLORIA-BA;4000;Sim;
327;27/03/2025;municipio;GLÓRIA;FMS-FUNDO MUNICIPAL DE SAUDE;5000;Sim;
328;28/03/2025;municipio;QUIJINGUE;MUNICIPIO DE QUIJINGUE;13000;Sim;
329;28/03/2025;municipio;QUIJINGUE;FUNDO MUNICIPAL DE SAUDE DE QUIJINGUE;6000;Sim;
330;28/03/2025;municipio;QUIJINGUE;SECRETARIA MUNICIPAL DA EDUCACAO;6000;Sim;
331;28/03/2025;municipio;QUIJINGUE;FUNDO MUNICIPAL DE ASSISTENCIA SOCIAL;5000;Sim;
333;31/03/2025;camara;NORDESTINA;CAMARA DE VEREADOREA DE NORDESTINA;5640;Sim;
334;31/03/2025;camara;NORDESTINA;CAMARA DE VEREADOREA DE NORDESTINA;5760;Sim;
335;07/04/2025;municipio;SALVADOR;MARCONE AMARAL COSTA JUNIOR;11200;Sim;
336;09/04/2025;municipio;CANDEIAS;MUNICIPIO DE CANDEIAS;25500;Sim;
337;15/04/2025;camara;OLIVEIRA DOS BREJINHOS;CÂMARA MUNICIPAL DE OLIVEIRA DOS BREJINHOS;13000;Sim;
338;15/04/2025;camara;OLIVEIRA DOS BREJINHOS;CÂMARA MUNICIPAL DE OLIVEIRA DOS BREJINHOS;4000;Sim;
339;15/04/2025;camara;OLIVEIRA DOS BREJINHOS;CÂMARA MUNICIPAL DE OLIVEIRA DOS BREJINHOS;4700;Sim;
340;15/04/2025;camara;SÁTIRO DIAS;CAMARA MUNICIPAL DE SATIRO DIAS;15000;Sim;
341;15/04/2025;camara;SÁTIRO DIAS;CAMARA MUNICIPAL DE SATIRO DIAS;7000;Sim;
342;15/04/2025;camara;SÁTIRO DIAS;CAMARA MUNICIPAL DE SATIRO DIAS;8000;Sim;
343;15/04/2025;camara;CAMPO ALEGRE DE LOURDES;CAMARA MUNICIPAL DE CAMPO ALEGRE DE LOURDES;9000;Sim;
344;15/04/2025;camara;CAMPO ALEGRE DE LOURDES;CAMARA MUNICIPAL DE CAMPO ALEGRE DE LOURDES;7500;Sim;
345;15/04/2025;camara;CAMPO ALEGRE DE LOURDES;CAMARA MUNICIPAL DE CAMPO ALEGRE DE LOURDES;6000;Sim;
346;15/04/2025;camara;CAMAMU;CAMAMU CAMARA DE VEREADORES;8750;Sim;
347;15/04/2025;camara;NORDESTINA;CAMARA DE VEREADOREA DE NORDESTINA;13000;Sim;
348;15/04/2025;camara;NORDESTINA;CAMARA DE VEREADOREA DE NORDESTINA;8500;Sim;
349;15/04/2025;camara;NORDESTINA;CAMARA DE VEREADOREA DE NORDESTINA;5455;Sim;
350;15/04/2025;camara;NORDESTINA;CAMARA DE VEREADOREA DE NORDESTINA;5640;Sim;
351;15/04/2025;camara;NORDESTINA;CAMARA DE VEREADOREA DE NORDESTINA;5760;Sim;
352;15/04/2025;camara;APORÁ;CAMARA MUNICIPAL DE APORA;15000;Sim;
353;15/04/2025;camara;APORÁ;CAMARA MUNICIPAL DE APORA;7000;Sim;
354;15/04/2025;camara;APORÁ;CAMARA MUNICIPAL DE APORA;4500;Sim;
355;15/04/2025;camara;APORÁ;CAMARA MUNICIPAL DE APORA;4500;Sim;
356;15/04/2025;camara;SANTA BÁRBARA;CAMARA MUNICIPAL DE VEREADORES DE SANTA BARBARA B;9000;Sim;
357;15/04/2025;camara;SANTA BÁRBARA;CAMARA MUNICIPAL DE VEREADORES DE SANTA BARBARA B;4800;Sim;
358;15/04/2025;camara;SANTA BÁRBARA;CAMARA MUNICIPAL DE VEREADORES DE SANTA BARBARA B;4500;Sim;
359;15/04/2025;camara;QUIJINGUE;CAMARA MUNICIPAL DE QUIJINGUE;9000;Sim;
360;15/04/2025;camara;QUIJINGUE;CAMARA MUNICIPAL DE QUIJINGUE;4000;Sim;
361;15/04/2025;camara;QUIJINGUE;CAMARA MUNICIPAL DE QUIJINGUE;3500;Sim;
362;15/04/2025;camara;MUQUÉM DE SÃO FRANCISCO;CAMARA MUNICIPAL DE MUQUEM DO SAO FRANCISCO;10000;Sim;
363;15/04/2025;camara;MUQUÉM DE SÃO FRANCISCO;CAMARA MUNICIPAL DE MUQUEM DO SAO FRANCISCO;4500;Sim;
364;15/04/2025;camara;MUQUÉM DE SÃO FRANCISCO;CAMARA MUNICIPAL DE MUQUEM DO SAO FRANCISCO;2500;Sim;
365;15/04/2025;camara;GLÓRIA;CAMARA MUNICIPAL DE GLORIA;10600;Sim;
366;15/04/2025;camara;GLÓRIA;CAMARA MUNICIPAL DE GLORIA;6000;Sim;
367;28/04/2025;municipio;IBIRATAIA;MUNICIPIO DE IBIRATAIA;20000;Sim;
368;28/04/2025;municipio;QUIJINGUE;MUNICIPIO DE QUIJINGUE;13000;Sim;
369;28/04/2025;municipio;QUIJINGUE;FUNDO MUNICIPAL DE ASSISTENCIA SOCIAL;5000;Sim;
370;28/04/2025;municipio;QUIJINGUE;SECRETARIA MUNICIPAL DA EDUCACAO;6000;Sim;
371;28/04/2025;municipio;QUIJINGUE;FUNDO MUNICIPAL DE SAUDE DE QUIJINGUE;6000;Sim;
373;28/04/2025;municipio;PEDRO ALEXANDRE;FUNDO MUNICIPAL DE SAUDE;7000;Sim;
374;28/04/2025;municipio;IGRAPIÚNA;MUNICIPI DE IGRAPIUNA;7000;Sim;
375;28/04/2025;municipio;IGRAPIÚNA;FUNDO MUNICIPAL DE SAUDE;6000;Sim;
376;28/04/2025;municipio;IGRAPIÚNA;FUNDO MUNICIPAL DE EDUCACAO DE IGRAPIUNA;6000;Sim;
377;28/04/2025;municipio;IGRAPIÚNA;FUNDO MUNICIPAL DE ASSISTENCIA SOCIAL;4000;Sim;
378;28/04/2025;municipio;ITUBERÁ;MUNICIPIO DE ITUBERA;17500;Sim;
379;28/04/2025;municipio;ITUBERÁ;FUNDO MUNICIPAL DE SAUDE DE ITUBERA;4500;Sim;
380;28/04/2025;municipio;ITUBERÁ;FUNDO MUNICIPAL DE EDUCACAO - FME;4500;Sim;
381;28/04/2025;municipio;ITUBERÁ;FUNDO MUNICIPAL DE ASSISTENCIA SOCIA;4500;Sim;
382;28/04/2025;municipio;IBIRAPITANGA;MUNICIPIO DE IBIRAPITANGA;15500;Sim;
383;28/04/2025;municipio;IBIRAPITANGA;FUNDO MUNICIPAL DE EDUCACIONAL - FME;5000;Sim;
384;28/04/2025;municipio;IBIRAPITANGA;FUNDO MUNICIPAL DE SAUDE IBIRAPITANGA;5000;Sim;
385;28/04/2025;municipio;BURITIRAMA;MUNICIPIO DE BURITIRAMA;14000;Sim;
386;28/04/2025;municipio;BURITIRAMA;SECRETARIA MUNICIPAL DE EDUCACAO;9000;Sim;
387;28/04/2025;municipio;BURITIRAMA;FUNDO MUNICIPAL DE SAUDE DE BURITIRAMA;9000;Sim;
388;28/04/2025;municipio;BURITIRAMA;MUNICIPIO DE BURITIRAMA;8100;Sim;
389;28/04/2025;municipio;ITABUNA;FUNDACAO ITABUNENSE DE CULTURA E CIDADANIA;9000;Sim;
390;28/04/2025;municipio;SEABRA;MUNICIPIO DE SEABRA;15000;Sim;
391;28/04/2025;municipio;SEABRA;FUNDO MUNICIPAL DE ASSISTENCIA SOCIAL DE SEABRA;5000;Sim;
392;28/04/2025;municipio;SEABRA;FUNDO MUNICIPAL DE SAUDE;5000;Sim;
393;28/04/2025;municipio;SEABRA;FUNDO MUNICIPAL DE EDUCACAO - FME;5000;Sim;
394;28/04/2025;municipio;SEABRA;MUNICIPIO DE SEABRA;9600;Sim;
395;28/04/2025;municipio;SANTO ESTÊVÃO;MUNICIPIO DE SANTO ESTEVAO;15000;Sim;
396;28/04/2025;municipio;SANTO ESTÊVÃO;SECRETARIA DA EDUCACAO;5000;Sim;
397;28/04/2025;municipio;SANTO ESTÊVÃO;FUNDO MUNICIPAL DE SAUDE DE SANTO ESTEVAO;5000;Sim;
398;28/04/2025;municipio;OLIVEIRA DOS BREJINHOS;PREFEITURA MUNICIPAL DE OLIVEIRA DOS BREJINHOS;11424;Sim;
399;28/04/2025;municipio;OLIVEIRA DOS BREJINHOS;FUNDO MUNIC. DE ASS. SOCIAL - OLIV. DOS BREJINHOS;8000;Sim;
400;28/04/2025;municipio;OLIVEIRA DOS BREJINHOS;SECRETARIA DE EDUCACAO DE OLIVEIRA DOS BREJINHOS;9000;Sim;
401;28/04/2025;municipio;OLIVEIRA DOS BREJINHOS;F. M. S. - Oliveira dos Brejinhos;9000;Sim;
402;28/04/2025;municipio;OLIVEIRA DOS BREJINHOS;SECRETARIA DE EDUCACAO DE OLIVEIRA DOS BREJINHOS;8000;Sim;
403;28/04/2025;municipio;MUQUÉM DE SÃO FRANCISCO;MUNICIPIO DE MUQUEM DO SAO FRANCISCO;16000;Sim;
404;28/04/2025;municipio;MUQUÉM DE SÃO FRANCISCO;FUNDO MUNICIPAL DE SAUDE;5000;Sim;
405;28/04/2025;municipio;OLIVEIRA DOS BREJINHOS;SECRETARIA MUNICIPAL DA EDUCACAO SEMED;4000;Sim;
406;28/04/2025;municipio;MUQUÉM DE SÃO FRANCISCO;FUNDO MUNICIPAL DE ASSISTENCIA SOCIAL;2000;Sim;
407;28/04/2025;municipio;MUQUÉM DE SÃO FRANCISCO;MUNICIPIO DE MUQUEM DO SAO FRANCISCO;4500;Sim;
408;28/04/2025;municipio;MUQUÉM DE SÃO FRANCISCO;SECRETARIA MUNICIPAL DA EDUCACAO SEMED;4500;Sim;
409;28/04/2025;municipio;MUQUÉM DE SÃO FRANCISCO;MUNICIPIO DE MUQUEM DO SAO FRANCISCO;20000;Sim;
410;28/04/2025;municipio;JAGUARIPE;MUNICIPIO DE JAGUARIPE;13000;Sim;
411;28/04/2025;municipio;JAGUARIPE;FUNDO MUNICIPAL DE ASSISTENCIA SOCIAL - FMAS DE JAGUARIPE;3000;Sim;
412;28/04/2025;municipio;JAGUARIPE;SECRETARIA MUNICIPAL DE EDUCACAO DE JAGUARIPE;7000;Sim;
413;28/04/2025;municipio;JAGUARIPE;FUNDO MUNICIPAL DE SAUDE;7000;Sim;
414;28/04/2025;municipio;ITAJU DO COLÔNIA;MUNICIPIO DE ITAJU DO COLONIA;9000;Sim;
415;28/04/2025;municipio;ITAJU DO COLÔNIA;FUNDO MUNICIPAL DE ASSISTENCIA SOCIAL;4000;Sim;
416;28/04/2025;municipio;ITAJU DO COLÔNIA;FUNDO MUNICIPAL DE EDUCACAO DE ITAJU DO COLONIA;4500;Sim;
417;28/04/2025;municipio;ITAJU DO COLÔNIA;FUNDO MUNICIPAL DE SAUDE ITAJU DO COLONIA;4500;Sim;
418;28/04/2025;municipio;GUARATINGA;MUNICIPIO DE GUARATINGA;10000;Sim;
419;28/04/2025;municipio;GUARATINGA;FUNDO MUNICIPAL DE SAUDE DE GUARATINGA;7500;Sim;
420;28/04/2025;municipio;GUARATINGA;FUNDO MUNICIPAL DE EDUCACAO - FME;7500;Sim;
421;28/04/2025;municipio;CONDE;MUNICIPIO DE CONDE;20000;Sim;
422;28/04/2025;municipio;CONDE;FUNDO MUNICIPAL DE ASSISTENCIA SOCIAL DE CONDE;5000;Sim;
423;28/04/2025;municipio;CONDE;FUNDO MUNICIPAL DE EDUCACAO - FME;5000;Sim;
424;28/04/2025;municipio;CONDE;FUNDO MUNICIPAL DE SAUDE DE CONDE;5000;Sim;
426;28/04/2025;municipio;PAULO AFONSO;CONSORCIO PUBLICO INTERFEDERATIVO DE SAUDE DA REGIAO DE PAULO AFONSO;10000;Sim;
427;28/04/2025;municipio;LAMARÃO;MUNICIPIO DE LAMARAO;9000;Sim;
428;28/04/2025;municipio;LAMARÃO;MUNICIPIO DE LAMARAO;9000;Sim;
430;28/04/2025;municipio;LAMARÃO;FUNDO MUNICIPAL DE ASSISTENCIA SOCIAL;4000;Sim;
431;28/04/2025;municipio;LAMARÃO;SECRETARIA MUNICIPAL DE EDUCACAO, CULTURA, ESPORTE E LAZER - SMECEL;4500;Sim;
432;28/04/2025;municipio;LAMARÃO;FUNDO MUNICIPAL DE SAUDE - FMS;4500;Sim;
433;28/04/2025;municipio;GLÓRIA;MUNICIPIO DE GLORIA;18000;Sim;
434;28/04/2025;municipio;GLÓRIA;FUNDO MUNICIPAL DE ASSISTENCIA E BEM - ESTAR SOCIAL - FUMABES;3000;Sim;
435;28/04/2025;municipio;GLÓRIA;SECRETARIA MUNICIPAL DE EDUCACAO DE GLORIA-BA;4000;Sim;
437;28/04/2025;municipio;BOM JESUS DA LAPA;MUNICIPIO DE BOM JESUS DA LAPA;21000;Sim;
438;28/04/2025;municipio;BOM JESUS DA LAPA;FUNDO MUNICIPAL DE ASSISTENCIA SOCIAL - FMAS;3000;Sim;
440;28/04/2025;municipio;BOM JESUS DA LAPA;FUNDO MUNICIPAL DE EDUCACAO DO MUNICIPIO DE BOM JESUS DA LAPA;3000;Sim;
441;28/04/2025;municipio;BOM JESUS DA LAPA;NOME EMPRESARIAL FUNDO MUNICIPAL DE SAUDE DE BOM JESUS DA LAPA;3000;Sim;
442;28/04/2025;municipio;BOM JESUS DA LAPA;MUNICIPIO DE BOM JESUS DA LAPA;15000;Sim;
443;28/04/2025;municipio;BOA VISTA DO TUPIM;MUNICIPIO DE BOA VISTA DO TUPIM;6500;Sim;
444;28/04/2025;municipio;BOA VISTA DO TUPIM;FUNDO MUNICIPAL DE ASSISTENCIA SOCIAL FMAS;4000;Sim;
445;28/04/2025;municipio;BOA VISTA DO TUPIM;MUNICIPIO DE BOA VISTA DO TUPIM;4000;Sim;
446;28/04/2025;municipio;BOA VISTA DO TUPIM;FUNDO MUNICIPAL DE SAUDE FUNSAUDE;4000;Sim;
447;28/04/2025;municipio;BOA VISTA DO TUPIM;MUNICIPIO DE BOA VISTA DO TUPIM;4500;Sim;
448;28/04/2025;municipio;ANDORINHA;MUNICIPIO DE ANDORINHA;12050;Sim;
449;28/04/2025;municipio;ANDORINHA;FUNDO MUNICIPAL DE ASSISTENCIA SOCIAL;6000;Sim;
450;28/04/2025;municipio;ANDORINHA;SECRETARIA MUNICIPAL DE EDUCACAO;8000;Sim;
451;28/04/2025;municipio;ANDORINHA;FUNDO MUNICIPAL DE SAUDE DE ANDORINHA;8000;Sim;
452;28/04/2025;municipio;ANDORINHA;MUNICIPIO DE ANDORINHA;14000;Sim;
453;29/04/2025;municipio;BARROCAS;FUNDO MUNICIPAL DE ASSISTENCIA SOCIAL - FMAS;4000;Sim;
454;29/04/2025;municipio;BARROCAS;MUNICIPIO DE BARROCAS;4000;Sim;
455;29/04/2025;municipio;BARROCAS;FUNDO MUNICIPAL DE SAUDE;4000;Sim;
456;29/04/2025;municipio;BARROCAS;MUNICIPIO DE BARROCAS;9000;Sim;
457;29/04/2025;municipio;BARROCAS;MUNICIPIO DE BARROCAS;4500;Sim;
458;29/04/2025;municipio;BARROCAS;MUNICIPIO DE BARROCAS;4500;Sim;
459;29/04/2025;municipio;BOTUPORÃ;MUNICIPIO DE BOTUPORA;14375;Sim;
460;29/04/2025;municipio;BOTUPORÃ;FUNDO MUNICIPAL DE SAUDE DO MUNICIPIO DE BOTUPORA;10062,5;Sim;
461;29/04/2025;municipio;BOTUPORÃ;FUNDO MUNICIPAL DE EDUCACAO-FME;10062,5;Sim;
462;29/04/2025;municipio;IBOTIRAMA;PREFEITURA MUNICIPAL DE IBOTIRAMA;22000;Sim;
463;29/04/2025;municipio;IBOTIRAMA;FUNDO MUNICIPAL DE SAUDE;5000;Sim;
464;29/04/2025;municipio;IBOTIRAMA;FUNDO MUNICIPAL DE EDUCACAO - FME;3000;Sim;
465;29/04/2025;municipio;IBOTIRAMA;FUNDO MUNICIPAL DE ASSISTENCIA SOCIAL DE IBOTIRAMA;3000;Sim;
466;29/04/2025;municipio;SANTA BÁRBARA;MUNICIPIO DE SANTA BARBARA;15000;Sim;
467;29/04/2025;municipio;SANTA BÁRBARA;FUNDO MUNICIPAL DE ASSISTENCIA SOCIAL - FMAS;4500;Sim;
468;29/04/2025;municipio;SANTA BÁRBARA;SECRETARIA MUNICIPAL DE EDUCACAO DE SANTA BARBARA;6500;Sim;
469;29/04/2025;municipio;SANTA BÁRBARA;UMSAUDE - FUNDO MUNICIPAL DE SAUDE DE SANTA BARBARA;6500;Sim;
470;29/04/2025;municipio;SOUTO SOARES;MUNICIPIO DE SOUTO SOARES;6000;Sim;
471;29/04/2025;municipio;SOUTO SOARES;FUNDO MUNICIPAL DE SAUDE DE SOUTO SOARES;4000;Sim;
472;29/04/2025;municipio;SOUTO SOARES;FUNDO MUNICIPAL DE EDUCACAO DE SOUTO SOARES;4000;Sim;
473;29/04/2025;municipio;SOUTO SOARES;FUNDO MUNICIPAL DE ASSISTENCIA SOCIAL DE SOUTO SOARES;4000;Sim;
474;29/04/2025;municipio;CAMPO ALEGRE DE LOURDES;MUNICIPIO DE CAMPO ALEGRE DE LOURDES;12000;Sim;
475;29/04/2025;municipio;CAMPO ALEGRE DE LOURDES;FUNDO MUNICIPAL DE ASSISTENCIA SOCIAL;6000;Sim;
476;29/04/2025;municipio;CAMPO ALEGRE DE LOURDES;NOME EMPRESARIAL FUNDO MUNICIPAL DE SAUDE CAMPO ALEGRE DE LOURDES;7000;Sim;
477;29/04/2025;municipio;CAMPO ALEGRE DE LOURDES;FUNDO MUNICIPAL DE EDUCACAO DE CAMPO ALEGRE DE LOURDES;7000;Sim;
478;29/04/2025;municipio;CARDEAL DA SILVA;MUNICIPIO DE CARDEAL DA SILVA;9000;Sim;
479;29/04/2025;municipio;CARDEAL DA SILVA;FUNDO MUNICIPAL DE SAUDE DE CARDEAL DA SILVA;4500;Sim;
480;29/04/2025;municipio;CARDEAL DA SILVA;FUNDO MUNICIPAL DE ASSISTENCIA SOCIAL;4500;Sim;
481;29/04/2025;municipio;WENCESLAU GUIMARÃES;MUNICIPIO DE WENCESLAU GUIMARAES;18000;Sim;
482;29/04/2025;municipio;WENCESLAU GUIMARÃES;FUNDO MUNICIPAL DE SAUDE FMS;6500;Sim;
483;29/04/2025;municipio;WENCESLAU GUIMARÃES;FUNDO MUNICIPAL DE EDUCACAO - FME DO MUNICIPIO DE WENCESLAU GUIMARAES;4000;Sim;
484;29/04/2025;municipio;WENCESLAU GUIMARÃES;FUNDO MUNICIPAL DE ASSISTENCIA SOCIAL;4000;Sim;
485;29/04/2025;municipio;WENCESLAU GUIMARÃES;MUNICIPIO DE WENCESLAU GUIMARAES;5000;Sim;
486;29/04/2025;municipio;WENCESLAU GUIMARÃES;MUNICIPIO DE WENCESLAU GUIMARAES;10000;Sim;
487;29/04/2025;municipio;BARRA DO ROCHA;MUNICIPIO DE BARRA DO ROCHA;10000;Sim;
489;29/04/2025;municipio;BARRA DO ROCHA;SECRETARIA MUNICIPAL DE EDUCACAO, CULTURA, ESPORTES E LAZER;4600;Sim;
490;29/04/2025;municipio;SÃO MIGUEL DAS MATAS;MUNICIPIO DE SAO MIGUEL DAS MATAS;20625;Sim;
491;29/04/2025;municipio;SÃO FELIPE;MUNICIPIO DE SAO FELIPE;12000;Sim;
492;29/04/2025;municipio;SÃO FELIPE;FUNDO MUNICIPAL DE ACAO SOCIAL;3000;Sim;
493;29/04/2025;municipio;SÃO FELIPE;SECRETARIA MUNICIPAL DE EDUCACAO DE SAO FELIPE;4000;Sim;
494;29/04/2025;municipio;SÃO FELIPE;FUNDO MUNICIPAL DE SAUDE;6000;Sim;
495;29/04/2025;municipio;PEDRO ALEXANDRE;MUNICIPIO DE PEDRO ALEXANDRE;18000;Sim;
496;06/05/2025;municipio;SALVADOR;MARCONE AMARAL COSTA JUNIOR;7900;Sim;
497;09/05/2025;municipio;CONCEIÇÃO DA FEIRA;MUNICIPIO DE CONCEICAO DA FEIRA;6500;;
498;12/05/2025;municipio;SALVADOR;FATOR SISTEMAS E CONSULTORIAS LTDA;50000;Sim;
499;15/05/2025;camara;SÁTIRO DIAS;CAMARA MUNICIPAL DE SATIRO DIAS;15000;Sim;
500;15/05/2025;camara;SÁTIRO DIAS;CAMARA MUNICIPAL DE SATIRO DIAS;7000;Sim;
501;15/05/2025;camara;SÁTIRO DIAS;CAMARA MUNICIPAL DE SATIRO DIAS;8000;Sim;
502;15/05/2025;camara;CAMPO ALEGRE DE LOURDES;CAMARA MUNICIPAL DE CAMPO ALEGRE DE LOURDES;9000;Sim;
503;15/05/2025;camara;CAMPO ALEGRE DE LOURDES;CAMARA MUNICIPAL DE CAMPO ALEGRE DE LOURDES;7500;Sim;
504;15/05/2025;camara;CAMPO ALEGRE DE LOURDES;CAMARA MUNICIPAL DE CAMPO ALEGRE DE LOURDES;6000;Sim;
505;15/05/2025;camara;CAMAMU;CAMAMU CAMARA DE VEREADORES;8750;Sim;
506;15/05/2025;camara;SANTA BÁRBARA;CAMARA MUNICIPAL DE VEREADORES DE SANTA BARBARA B;9000;Sim;
507;15/05/2025;camara;SANTA BÁRBARA;CAMARA MUNICIPAL DE VEREADORES DE SANTA BARBARA B;4800;Sim;
508;15/05/2025;camara;SANTA BÁRBARA;CAMARA MUNICIPAL DE VEREADORES DE SANTA BARBARA B;4500;Sim;
509;15/05/2025;camara;GLÓRIA;CAMARA MUNICIPAL DE GLORIA;10600;Sim;
510;15/05/2025;camara;GLÓRIA;CAMARA MUNICIPAL DE GLORIA;6000;Sim;
511;15/05/2025;camara;APORÁ;CAMARA MUNICIPAL DE APORA;15000;Sim;
512;15/05/2025;camara;APORÁ;CAMARA MUNICIPAL DE APORA;7000;Sim;
513;15/05/2025;camara;APORÁ;CAMARA MUNICIPAL DE APORA;4500;Sim;
514;15/05/2025;camara;APORÁ;CAMARA MUNICIPAL DE APORA;4500;Sim;
515;15/05/2025;camara;NORDESTINA;CAMARA DE VEREADOREA DE NORDESTINA;13000;Sim;
516;15/05/2025;camara;NORDESTINA;CAMARA DE VEREADOREA DE NORDESTINA;8500;Sim;
517;15/05/2025;camara;NORDESTINA;CAMARA DE VEREADOREA DE NORDESTINA;5455;Sim;
518;15/05/2025;camara;NORDESTINA;CAMARA DE VEREADOREA DE NORDESTINA;5640;Sim;
519;15/05/2025;camara;NORDESTINA;CAMARA DE VEREADOREA DE NORDESTINA;5760;Sim;
520;15/05/2025;camara;OLIVEIRA DOS BREJINHOS;CÂMARA MUNICIPAL DE OLIVEIRA DOS BREJINHOS;13000;Sim;
521;15/05/2025;camara;OLIVEIRA DOS BREJINHOS;CÂMARA MUNICIPAL DE OLIVEIRA DOS BREJINHOS;4000;Sim;
522;15/05/2025;camara;OLIVEIRA DOS BREJINHOS;CÂMARA MUNICIPAL DE OLIVEIRA DOS BREJINHOS;4700;Sim;
523;15/05/2025;camara;QUIJINGUE;CAMARA MUNICIPAL DE QUIJINGUE;9000;Sim;
524;15/05/2025;camara;QUIJINGUE;CAMARA MUNICIPAL DE QUIJINGUE;4000;Sim;
525;15/05/2025;camara;QUIJINGUE;CAMARA MUNICIPAL DE QUIJINGUE;3500;Sim;
526;15/05/2025;camara;MUQUÉM DE SÃO FRANCISCO;CAMARA MUNICIPAL DE MUQUEM DO SAO FRANCISCO;10000;Sim;
527;15/05/2025;camara;MUQUÉM DE SÃO FRANCISCO;CAMARA MUNICIPAL DE MUQUEM DO SAO FRANCISCO;4500;Sim;
528;15/05/2025;camara;MUQUÉM DE SÃO FRANCISCO;CAMARA MUNICIPAL DE MUQUEM DO SAO FRANCISCO;2500;Sim;
529;16/05/2025;municipio;GLÓRIA;FMS-FUNDO MUNICIPAL DE SAUDE;5000;Sim;
530;26/05/2025;municipio;IBIRATAIA;MUNICIPIO DE IBIRATAIA;20000;Sim;
531;26/05/2025;municipio;PAULO AFONSO;CONSORCIO PUBLICO INTERFEDERATIVO DE SAUDE DA REGIAO DE PAULO AFONSO;10000;Sim;
532;26/05/2025;municipio;BARROCAS;MUNICIPIO DE BARROCAS;9000;Sim;
533;26/05/2025;municipio;BARROCAS;FUNDO MUNICIPAL DE ASSISTENCIA SOCIAL - FMAS;4000;Sim;
534;26/05/2025;municipio;BARROCAS;MUNICIPIO DE BARROCAS;4000;Sim;
535;26/05/2025;municipio;BARROCAS;FUNDO MUNICIPAL DE SAUDE;4000;Sim;
536;26/05/2025;municipio;BARROCAS;MUNICIPIO DE BARROCAS;4500;Sim;
537;26/05/2025;municipio;BARROCAS;MUNICIPIO DE BARROCAS;4500;Sim;
538;26/05/2025;municipio;PEDRO ALEXANDRE;MUNICIPIO DE PEDRO ALEXANDRE;18000;Sim;
539;26/05/2025;municipio;PEDRO ALEXANDRE;FUNDO MUNICIPAL DE SAUDE;7000;Sim;
540;26/05/2025;municipio;IGRAPIÚNA;MUNICIPI DE IGRAPIUNA;7000;Sim;
541;26/05/2025;municipio;IGRAPIÚNA;FUNDO MUNICIPAL DE SAUDE;6000;Sim;
542;26/05/2025;municipio;IGRAPIÚNA;FUNDO MUNICIPAL DE EDUCACAO DE IGRAPIUNA;6000;Sim;
543;26/05/2025;municipio;IGRAPIÚNA;FUNDO MUNICIPAL DE ASSISTENCIA SOCIAL;4000;Sim;
544;26/05/2025;municipio;ITUBERÁ;MUNICIPIO DE ITUBERA;17500;Sim;
545;26/05/2025;municipio;ITUBERÁ;FUNDO MUNICIPAL DE SAUDE DE ITUBERA;4500;Sim;
546;26/05/2025;municipio;ITUBERÁ;FUNDO MUNICIPAL DE EDUCACAO - FME;4500;Sim;
547;26/05/2025;municipio;ITUBERÁ;FUNDO MUNICIPAL DE ASSISTENCIA SOCIA;4500;Sim;
548;26/05/2025;municipio;SÃO MIGUEL DAS MATAS;MUNICIPIO DE SAO MIGUEL DAS MATAS;20625;Sim;
549;26/05/2025;municipio;BARRA DO ROCHA;MUNICIPIO DE BARRA DO ROCHA;10000;Sim;
550;26/05/2025;municipio;BARRA DO ROCHA;FUNDO MUNICIPAL DE SAUDE DE BARRA DO ROCHA-BA;4400;Sim;
551;26/05/2025;municipio;BARRA DO ROCHA;SECRETARIA MUNICIPAL DE EDUCACAO, CULTURA, ESPORTES E LAZER;4600;Sim;
552;26/05/2025;municipio;SANTA BÁRBARA;MUNICIPIO DE SANTA BARBARA;15000;Sim;
553;26/05/2025;municipio;SANTA BÁRBARA;FUNDO MUNICIPAL DE ASSISTENCIA SOCIAL - FMAS;4500;Sim;
554;26/05/2025;municipio;SANTA BÁRBARA;SECRETARIA MUNICIPAL DE EDUCACAO DE SANTA BARBARA;6500;Sim;
555;26/05/2025;municipio;SANTA BÁRBARA;UMSAUDE - FUNDO MUNICIPAL DE SAUDE DE SANTA BARBARA;6500;Sim;
556;26/05/2025;municipio;WENCESLAU GUIMARÃES;MUNICIPIO DE WENCESLAU GUIMARAES;18000;Sim;
557;26/05/2025;municipio;WENCESLAU GUIMARÃES;FUNDO MUNICIPAL DE SAUDE FMS;6500;Sim;
558;26/05/2025;municipio;WENCESLAU GUIMARÃES;FUNDO MUNICIPAL DE EDUCACAO - FME DO MUNICIPIO DE WENCESLAU GUIMARAES;4000;Sim;
559;26/05/2025;municipio;WENCESLAU GUIMARÃES;FUNDO MUNICIPAL DE ASSISTENCIA SOCIAL;4000;Sim;
560;26/05/2025;municipio;WENCESLAU GUIMARÃES;MUNICIPIO DE WENCESLAU GUIMARAES;5000;Sim;
561;26/05/2025;municipio;WENCESLAU GUIMARÃES;MUNICIPIO DE WENCESLAU GUIMARAES;10000;Sim;
562;26/05/2025;municipio;CARDEAL DA SILVA;MUNICIPIO DE CARDEAL DA SILVA;9000;Sim;
563;26/05/2025;municipio;CARDEAL DA SILVA;FUNDO MUNICIPAL DE SAUDE DE CARDEAL DA SILVA;4500;Sim;
564;26/05/2025;municipio;CARDEAL DA SILVA;FUNDO MUNICIPAL DE ASSISTENCIA SOCIAL;4500;Sim;
565;26/05/2025;municipio;BOA VISTA DO TUPIM;MUNICIPIO DE BOA VISTA DO TUPIM;6500;Sim;
566;26/05/2025;municipio;BOM JESUS DA LAPA;FUNDO MUNICIPAL DE ASSISTENCIA SOCIAL FMAS;4000;Sim;
567;26/05/2025;municipio;BOA VISTA DO TUPIM;MUNICIPIO DE BOA VISTA DO TUPIM;4000;Sim;
568;26/05/2025;municipio;BOA VISTA DO TUPIM;FUNDO MUNICIPAL DE SAUDE FUNSAUDE;4000;Sim;
569;26/05/2025;municipio;BOA VISTA DO TUPIM;MUNICIPIO DE BOA VISTA DO TUPIM;4500;Sim;
570;26/05/2025;municipio;CAMPO ALEGRE DE LOURDES;MUNICIPIO DE CAMPO ALEGRE DE LOURDES;12000;Sim;
571;26/05/2025;municipio;CAMPO ALEGRE DE LOURDES;FUNDO MUNICIPAL DE ASSISTENCIA SOCIAL;6000;Sim;
572;26/05/2025;municipio;CAMPO ALEGRE DE LOURDES;NOME EMPRESARIAL FUNDO MUNICIPAL DE SAUDE CAMPO ALEGRE DE LOURDES;7000;Sim;
573;26/05/2025;municipio;CAMPO ALEGRE DE LOURDES;FUNDO MUNICIPAL DE EDUCACAO DE CAMPO ALEGRE DE LOURDES;7000;Sim;
574;26/05/2025;municipio;QUIJINGUE;MUNICIPIO DE QUIJINGUE;13000;Sim;
575;26/05/2025;municipio;QUIJINGUE;FUNDO MUNICIPAL DE ASSISTENCIA SOCIAL;5000;Sim;
576;26/05/2025;municipio;QUIJINGUE;SECRETARIA MUNICIPAL DA EDUCACAO;6000;Sim;
577;26/05/2025;municipio;QUIJINGUE;FUNDO MUNICIPAL DE SAUDE DE QUIJINGUE;6000;Sim;
578;26/05/2025;municipio;SOUTO SOARES;MUNICIPIO DE SOUTO SOARES;6000;Sim;
579;26/05/2025;municipio;SOUTO SOARES;FUNDO MUNICIPAL DE SAUDE DE SOUTO SOARES;4000;Sim;
580;26/05/2025;municipio;SOUTO SOARES;FUNDO MUNICIPAL DE EDUCACAO DE SOUTO SOARES;4000;Sim;
581;26/05/2025;municipio;SOUTO SOARES;FUNDO MUNICIPAL DE ASSISTENCIA SOCIAL DE SOUTO SOARES;4000;Sim;
582;26/05/2025;municipio;IBOTIRAMA;PREFEITURA MUNICIPAL DE IBOTIRAMA;22000;Sim;
583;26/05/2025;municipio;IBOTIRAMA;FUNDO MUNICIPAL DE SAUDE;5000;Sim;
584;26/05/2025;municipio;IBOTIRAMA;FUNDO MUNICIPAL DE EDUCACAO - FME;3000;Sim;
585;26/05/2025;municipio;IBOTIRAMA;FUNDO MUNICIPAL DE ASSISTENCIA SOCIAL DE IBOTIRAMA;3000;Sim;
586;26/05/2025;municipio;BOTUPORÃ;MUNICIPIO DE BOTUPORA;14375;Sim;
587;26/05/2025;municipio;BOTUPORÃ;FUNDO MUNICIPAL DE SAUDE DO MUNICIPIO DE BOTUPORA;10062,5;Sim;
588;26/05/2025;municipio;BOTUPORÃ;FUNDO MUNICIPAL DE EDUCACAO-FME;10062,5;Sim;
589;26/05/2025;municipio;ANDORINHA;MUNICIPIO DE ANDORINHA;12050;Sim;
590;26/05/2025;municipio;ANDORINHA;FUNDO MUNICIPAL DE ASSISTENCIA SOCIAL;6000;Sim;
591;26/05/2025;municipio;ANDORINHA;SECRETARIA MUNICIPAL DE EDUCACAO;8000;Sim;
593;26/05/2025;municipio;ANDORINHA;FUNDO MUNICIPAL DE SAUDE DE ANDORINHA;8000;Sim;
594;26/05/2025;municipio;ANDORINHA;MUNICIPIO DE ANDORINHA;14000;Sim;
595;27/05/2025;municipio;BOM JESUS DA LAPA;MUNICIPIO DE BOM JESUS DA LAPA;21000;Sim;
596;27/05/2025;municipio;BOM JESUS DA LAPA;FUNDO MUNICIPAL DE ASSISTENCIA SOCIAL - FMAS;3000;Sim;
597;27/05/2025;municipio;BOM JESUS DA LAPA;FUNDO MUNICIPAL DE EDUCACAO DO MUNICIPIO DE BOM JESUS DA LAPA;3000;Sim;
598;27/05/2025;municipio;BOM JESUS DA LAPA;NOME EMPRESARIAL FUNDO MUNICIPAL DE SAUDE DE BOM JESUS DA LAPA;3000;Sim;
599;27/05/2025;municipio;BOM JESUS DA LAPA;MUNICIPIO DE BOM JESUS DA LAPA;15000;Sim;
600;27/05/2025;municipio;GLÓRIA;MUNICIPIO DE GLORIA;18000;Sim;
601;27/05/2025;municipio;GLÓRIA;FUNDO MUNICIPAL DE ASSISTENCIA E BEM - ESTAR SOCIAL - FUMABES;3000;Sim;
602;27/05/2025;municipio;GLÓRIA;SECRETARIA MUNICIPAL DE EDUCACAO DE GLORIA-BA;4000;Sim;
603;27/05/2025;municipio;GLÓRIA;FMS-FUNDO MUNICIPAL DE SAUDE;5000;Sim;
604;27/05/2025;municipio;LAMARÃO;MUNICIPIO DE LAMARAO;9000;Sim;
605;27/05/2025;municipio;LAMARÃO;FUNDO MUNICIPAL DE ASSISTENCIA SOCIAL;4000;Sim;
606;27/05/2025;municipio;LAMARÃO;SECRETARIA MUNICIPAL DE EDUCACAO, CULTURA, ESPORTE E LAZER - SMECEL;4500;Sim;
607;27/05/2025;municipio;LAMARÃO;FUNDO MUNICIPAL DE SAUDE - FMS;4500;Sim;
608;27/05/2025;municipio;CANDEIAS;MUNICIPIO DE CANDEIAS;25500;Sim;
609;27/05/2025;municipio;CONDE;MUNICIPIO DE CONDE;20000;Sim;
610;27/05/2025;municipio;CONDE;FUNDO MUNICIPAL DE ASSISTENCIA SOCIAL DE CONDE;5000;Sim;
611;27/05/2025;municipio;CONDE;FUNDO MUNICIPAL DE EDUCACAO - FME;5000;Sim;
612;27/05/2025;municipio;CONDE;FUNDO MUNICIPAL DE SAUDE DE CONDE;5000;Sim;
613;27/05/2025;municipio;GUARATINGA;MUNICIPIO DE GUARATINGA;10000;Sim;
614;27/05/2025;municipio;GUARATINGA;FUNDO MUNICIPAL DE SAUDE DE GUARATINGA;7500;Sim;
615;27/05/2025;municipio;GUARATINGA;FUNDO MUNICIPAL DE EDUCACAO - FME;7500;Sim;
616;27/05/2025;municipio;ITAJU DO COLÔNIA;MUNICIPIO DE ITAJU DO COLONIA;9000;Sim;
617;27/05/2025;municipio;ITAJU DO COLÔNIA;FUNDO MUNICIPAL DE ASSISTENCIA SOCIAL;4000;Sim;
618;27/05/2025;municipio;ITAJU DO COLÔNIA;FUNDO MUNICIPAL DE EDUCACAO DE ITAJU DO COLONIA;4500;Sim;
619;27/05/2025;municipio;ITAJU DO COLÔNIA;FUNDO MUNICIPAL DE SAUDE ITAJU DO COLONIA;4500;Sim;
620;27/05/2025;municipio;JAGUARIPE;MUNICIPIO DE JAGUARIPE;13000;Sim;
621;27/05/2025;municipio;JAGUARIPE;FUNDO MUNICIPAL DE ASSISTENCIA SOCIAL - FMAS DE JAGUARIPE;3000;Sim;
622;27/05/2025;municipio;JAGUARIPE;SECRETARIA MUNICIPAL DE EDUCACAO DE JAGUARIPE;7000;Sim;
623;27/05/2025;municipio;JAGUARIPE;FUNDO MUNICIPAL DE SAUDE;7000;Sim;
624;27/05/2025;municipio;JAGUARIPE;MUNICIPIO DE JAGUARIPE;6000;Sim;
625;27/05/2025;municipio;JAGUARIPE;MUNICIPIO DE JAGUARIPE;4000;Sim;
626;27/05/2025;municipio;MUQUÉM DE SÃO FRANCISCO;MUNICIPIO DE MUQUEM DO SAO FRANCISCO;16000;Sim;
627;27/05/2025;municipio;MUQUÉM DE SÃO FRANCISCO;FUNDO MUNICIPAL DE SAUDE;5000;Sim;
628;27/05/2025;municipio;MUQUÉM DE SÃO FRANCISCO;SECRETARIA MUNICIPAL DA EDUCACAO SEMED;4000;Sim;
629;27/05/2025;municipio;MUQUÉM DE SÃO FRANCISCO;FUNDO MUNICIPAL DE ASSISTENCIA SOCIAL;2000;Sim;
630;27/05/2025;municipio;MUQUÉM DE SÃO FRANCISCO;MUNICIPIO DE MUQUEM DO SAO FRANCISCO;4500;Sim;
631;27/05/2025;municipio;OLIVEIRA DOS BREJINHOS;SECRETARIA MUNICIPAL DA EDUCACAO SEMED;4500;Sim;
632;27/05/2025;municipio;MUQUÉM DE SÃO FRANCISCO;MUNICIPIO DE MUQUEM DO SAO FRANCISCO;20000;Sim;
633;27/05/2025;municipio;OLIVEIRA DOS BREJINHOS;PREFEITURA MUNICIPAL DE OLIVEIRA DOS BREJINHOS;12000;Sim;
634;27/05/2025;municipio;OLIVEIRA DOS BREJINHOS;FUNDO MUNIC. DE ASS. SOCIAL - OLIV. DOS BREJINHOS;8000;Sim;
635;27/05/2025;municipio;OLIVEIRA DOS BREJINHOS;SECRETARIA DE EDUCACAO DE OLIVEIRA DOS BREJINHOS;9000;Sim;
636;27/05/2025;municipio;OLIVEIRA DOS BREJINHOS;F. M. S. - Oliveira dos Brejinhos;9000;Sim;
637;27/05/2025;municipio;OLIVEIRA DOS BREJINHOS;SECRETARIA DE EDUCACAO DE OLIVEIRA DOS BREJINHOS;8000;Sim;
638;27/05/2025;municipio;SANTO ESTÊVÃO;MUNICIPIO DE SANTO ESTEVAO;15000;Sim;
639;27/05/2025;municipio;SANTO ESTÊVÃO;SECRETARIA DA EDUCACAO;5000;Sim;
640;27/05/2025;municipio;OLIVEIRA DOS BREJINHOS;FUNDO MUNICIPAL DE SAUDE DE SANTO ESTEVAO;5000;Sim;
641;27/05/2025;municipio;SEABRA;MUNICIPIO DE SEABRA;15000;Sim;
642;27/05/2025;municipio;SEABRA;FUNDO MUNICIPAL DE ASSISTENCIA SOCIAL DE SEABRA;5000;Sim;
643;27/05/2025;municipio;SEABRA;FUNDO MUNICIPAL DE SAUDE;5000;Sim;
644;27/05/2025;municipio;SEABRA;FUNDO MUNICIPAL DE EDUCACAO - FME;5000;Sim;
645;27/05/2025;municipio;SEABRA;MUNICIPIO DE SEABRA;9600;Sim;
646;27/05/2025;municipio;SÃO FELIPE;MUNICIPIO DE SAO FELIPE;12000;Sim;
647;27/05/2025;municipio;SÃO FELIPE;FUNDO MUNICIPAL DE ACAO SOCIAL;3000;Sim;
649;27/05/2025;municipio;SÃO FELIPE;SECRETARIA MUNICIPAL DE EDUCACAO DE SAO FELIPE;4000;Sim;
650;27/05/2025;municipio;OLIVEIRA DOS BREJINHOS;FUNDO MUNICIPAL DE SAUDE;6000;Sim;
651;27/05/2025;municipio;SÃO FELIPE;MUNICIPIO DE SAO FELIPE;10000;Sim;
652;28/05/2025;municipio;IBIRAPITANGA;MUNICIPIO DE IBIRAPITANGA;15500;Sim;
653;28/05/2025;municipio;IBIRAPITANGA;FUNDO MUNICIPAL DE EDUCACIONAL - FME;5000;Sim;
654;28/05/2025;municipio;IBIRAPITANGA;FUNDO MUNICIPAL DE SAUDE IBIRAPITANGA;5000;Sim;
655;28/05/2025;municipio;BURITIRAMA;MUNICIPIO DE BURITIRAMA;14000;Sim;
656;28/05/2025;municipio;BURITIRAMA;SECRETARIA MUNICIPAL DE EDUCACAO;9000;Sim;
657;28/05/2025;municipio;BURITIRAMA;FUNDO MUNICIPAL DE SAUDE DE BURITIRAMA;9000;Sim;
658;28/05/2025;municipio;BURITIRAMA;MUNICIPIO DE BURITIRAMA;8100;Sim;
659;28/05/2025;municipio;ITABUNA;FUNDACAO ITABUNENSE DE CULTURA E CIDADANIA;9000;Sim;
660;28/05/2025;municipio;BARRA DO ROCHA;FUNDO MUNICIPAL DE SAUDE DE BARRA DO ROCHA-BA;4400;Sim;
661;03/06/2025;municipio;BARRA DO ROCHA;MUNICIPIO DE BARRA DO ROCHA;19000;Não;
662;04/06/2025;municipio;CANDEIAS;MUNICIPIO DE CANDEIAS;500;Sim;
663;11/06/2025;municipio;SALVADOR;MARCONE AMARAL COSTA JUNIOR;4000;Sim;
664;12/06/2025;camara;SÁTIRO DIAS;CAMARA MUNICIPAL DE SATIRO DIAS;15000;Sim;
665;12/06/2025;camara;SÁTIRO DIAS;CAMARA MUNICIPAL DE SATIRO DIAS;7000;Sim;
666;12/06/2025;camara;SÁTIRO DIAS;CAMARA MUNICIPAL DE SATIRO DIAS;8000;Sim;
667;12/06/2025;camara;CAMPO ALEGRE DE LOURDES;CAMARA MUNICIPAL DE CAMPO ALEGRE DE LOURDES;9000;Sim;
668;12/06/2025;camara;CAMPO ALEGRE DE LOURDES;CAMARA MUNICIPAL DE CAMPO ALEGRE DE LOURDES;7500;Sim;
669;12/06/2025;camara;CAMPO ALEGRE DE LOURDES;CAMARA MUNICIPAL DE CAMPO ALEGRE DE LOURDES;6000;Sim;
672;12/06/2025;camara;SANTA BÁRBARA;CAMARA MUNICIPAL DE VEREADORES DE SANTA BARBARA B;9000;Sim;
674;12/06/2025;camara;SANTA BÁRBARA;CAMARA MUNICIPAL DE VEREADORES DE SANTA BARBARA B;4800;Sim;
675;12/06/2025;camara;SANTA BÁRBARA;CAMARA MUNICIPAL DE VEREADORES DE SANTA BARBARA B;4500;Sim;
676;12/06/2025;camara;GLÓRIA;CAMARA MUNICIPAL DE GLORIA;10600;Sim;
677;12/06/2025;camara;GLÓRIA;CAMARA MUNICIPAL DE GLORIA;6000;Sim;
678;12/06/2025;camara;APORÁ;CAMARA MUNICIPAL DE APORA;15000;Sim;
679;12/06/2025;camara;APORÁ;CAMARA MUNICIPAL DE APORA;7000;Sim;
680;12/06/2025;camara;APORÁ;CAMARA MUNICIPAL DE APORA;4500;Sim;
681;12/06/2025;camara;APORÁ;CAMARA MUNICIPAL DE APORA;4500;Sim;
682;12/06/2025;camara;NORDESTINA;CAMARA DE VEREADOREA DE NORDESTINA;13000;Sim;
683;12/06/2025;camara;NORDESTINA;CAMARA DE VEREADOREA DE NORDESTINA;8500;Sim;
684;12/06/2025;camara;NORDESTINA;CAMARA DE VEREADOREA DE NORDESTINA;5455;Sim;
685;12/06/2025;camara;NORDESTINA;CAMARA DE VEREADOREA DE NORDESTINA;5640;Sim;
686;12/06/2025;camara;NORDESTINA;CAMARA DE VEREADOREA DE NORDESTINA;5760;Sim;
687;12/06/2025;camara;OLIVEIRA DOS BREJINHOS;CÂMARA MUNICIPAL DE OLIVEIRA DOS BREJINHOS;13000;Sim;
688;12/06/2025;camara;OLIVEIRA DOS BREJINHOS;CÂMARA MUNICIPAL DE OLIVEIRA DOS BREJINHOS;4000;Sim;
689;12/06/2025;camara;OLIVEIRA DOS BREJINHOS;CÂMARA MUNICIPAL DE OLIVEIRA DOS BREJINHOS;4700;Sim;
690;12/06/2025;camara;QUIJINGUE;CAMARA MUNICIPAL DE QUIJINGUE;9000;Sim;
691;12/06/2025;camara;QUIJINGUE;CAMARA MUNICIPAL DE QUIJINGUE;4000;Sim;
692;12/06/2025;camara;QUIJINGUE;CAMARA MUNICIPAL DE QUIJINGUE;3500;Sim;
693;12/06/2025;camara;MUQUÉM DE SÃO FRANCISCO;CAMARA MUNICIPAL DE MUQUEM DO SAO FRANCISCO;10000;Sim;
694;12/06/2025;camara;MUQUÉM DE SÃO FRANCISCO;CAMARA MUNICIPAL DE MUQUEM DO SAO FRANCISCO;4500;Sim;
695;12/06/2025;camara;MUQUÉM DE SÃO FRANCISCO;CAMARA MUNICIPAL DE MUQUEM DO SAO FRANCISCO;2500;Sim;
696;18/06/2025;municipio;IBOTIRAMA;PREFEITURA MUNICIPAL DE IBOTIRAMA;22000;Sim;
697;18/06/2025;municipio;IBOTIRAMA;FUNDO MUNICIPAL DE SAUDE;5000;Sim;
698;18/06/2025;municipio;OLIVEIRA DOS BREJINHOS;FUNDO MUNICIPAL DE EDUCACAO - FME;3000;Sim;
699;18/06/2025;municipio;IBOTIRAMA;FUNDO MUNICIPAL DE ASSISTENCIA SOCIAL DE IBOTIRAMA;3000;Sim;
700;26/06/2025;municipio;CONCEIÇÃO DA FEIRA;MUNICIPIO DE CONCEICAO DA FEIRA;6500;;
701;26/06/2025;municipio;IBIRATAIA;MUNICIPIO DE IBIRATAIA;20000;Sim;
702;26/06/2025;municipio;PEDRO ALEXANDRE;MUNICIPIO DE PEDRO ALEXANDRE;18000;Sim;
703;26/06/2025;municipio;PEDRO ALEXANDRE;FUNDO MUNICIPAL DE SAUDE;7000;Sim;
704;26/06/2025;municipio;IGRAPIÚNA;MUNICIPI DE IGRAPIUNA;7000;Sim;
705;26/06/2025;municipio;IGRAPIÚNA;FUNDO MUNICIPAL DE SAUDE;6000;Sim;
706;26/06/2025;municipio;IGRAPIÚNA;FUNDO MUNICIPAL DE EDUCACAO DE IGRAPIUNA;6000;Sim;
707;26/06/2025;municipio;IGRAPIÚNA;FUNDO MUNICIPAL DE ASSISTENCIA SOCIAL;4000;Sim;
708;26/06/2025;municipio;ITUBERÁ;MUNICIPIO DE ITUBERA;17500;Sim;
709;26/06/2025;municipio;ITUBERÁ;FUNDO MUNICIPAL DE SAUDE DE ITUBERA;4500;Sim;
710;26/06/2025;municipio;ITUBERÁ;FUNDO MUNICIPAL DE EDUCACAO - FME;4500;Sim;
711;26/06/2025;municipio;ITUBERÁ;FUNDO MUNICIPAL DE ASSISTENCIA SOCIA;4500;Sim;
712;26/06/2025;municipio;SÃO MIGUEL DAS MATAS;MUNICIPIO DE SAO MIGUEL DAS MATAS;20625;Sim;
713;26/06/2025;municipio;BARRA DO ROCHA;MUNICIPIO DE BARRA DO ROCHA;10000;Sim;
714;26/06/2025;municipio;BARRA DO ROCHA;FUNDO MUNICIPAL DE SAUDE DE BARRA DO ROCHA-BA;4400;Sim;
715;26/06/2025;municipio;BARRA DO ROCHA;SECRETARIA MUNICIPAL DE EDUCACAO, CULTURA, ESPORTES E LAZER;4600;Sim;
716;26/06/2025;municipio;WENCESLAU GUIMARÃES;MUNICIPIO DE WENCESLAU GUIMARAES;18000;Sim;
717;26/06/2025;municipio;WENCESLAU GUIMARÃES;FUNDO MUNICIPAL DE SAUDE FMS;6500;Sim;
718;26/06/2025;municipio;WENCESLAU GUIMARÃES;FUNDO MUNICIPAL DE EDUCACAO - FME DO MUNICIPIO DE WENCESLAU GUIMARAES;4000;Sim;
719;26/06/2025;municipio;WENCESLAU GUIMARÃES;FUNDO MUNICIPAL DE ASSISTENCIA SOCIAL;4000;Sim;
720;26/06/2025;municipio;WENCESLAU GUIMARÃES;MUNICIPIO DE WENCESLAU GUIMARAES;5000;Sim;
721;26/06/2025;municipio;WENCESLAU GUIMARÃES;MUNICIPIO DE WENCESLAU GUIMARAES;10000;Sim;
722;26/06/2025;municipio;CARDEAL DA SILVA;MUNICIPIO DE CARDEAL DA SILVA;9000;Sim;
723;26/06/2025;municipio;CARDEAL DA SILVA;FUNDO MUNICIPAL DE SAUDE DE CARDEAL DA SILVA;4500;Sim;
724;26/06/2025;municipio;CARDEAL DA SILVA;FUNDO MUNICIPAL DE ASSISTENCIA SOCIAL;4500;Sim;
725;26/06/2025;municipio;CAMPO ALEGRE DE LOURDES;MUNICIPIO DE CAMPO ALEGRE DE LOURDES;12000;Sim;
726;26/06/2025;municipio;CAMPO ALEGRE DE LOURDES;FUNDO MUNICIPAL DE ASSISTENCIA SOCIAL;6000;Sim;
727;26/06/2025;municipio;CAMPO ALEGRE DE LOURDES;NOME EMPRESARIAL FUNDO MUNICIPAL DE SAUDE CAMPO ALEGRE DE LOURDES;7000;Sim;
728;26/06/2025;municipio;CAMPO ALEGRE DE LOURDES;FUNDO MUNICIPAL DE EDUCACAO DE CAMPO ALEGRE DE LOURDES;7000;Sim;
729;26/06/2025;municipio;QUIJINGUE;MUNICIPIO DE QUIJINGUE;13000;Sim;
730;26/06/2025;municipio;QUIJINGUE;FUNDO MUNICIPAL DE ASSISTENCIA SOCIAL;5000;Sim;
731;26/06/2025;municipio;QUIJINGUE;SECRETARIA MUNICIPAL DA EDUCACAO;6000;Sim;
732;26/06/2025;municipio;QUIJINGUE;FUNDO MUNICIPAL DE SAUDE DE QUIJINGUE;6000;Sim;
733;26/06/2025;municipio;SOUTO SOARES;MUNICIPIO DE SOUTO SOARES;6000;Sim;
734;26/06/2025;municipio;SOUTO SOARES;FUNDO MUNICIPAL DE SAUDE DE SOUTO SOARES;4000;Sim;
735;26/06/2025;municipio;SOUTO SOARES;FUNDO MUNICIPAL DE EDUCACAO DE SOUTO SOARES;4000;Sim;
736;26/06/2025;municipio;SOUTO SOARES;FUNDO MUNICIPAL DE ASSISTENCIA SOCIAL DE SOUTO SOARES;4000;Sim;
737;26/06/2025;municipio;SANTA BÁRBARA;MUNICIPIO DE SANTA BARBARA;15000;Sim;
738;26/06/2025;municipio;SANTA BÁRBARA;FUNDO MUNICIPAL DE ASSISTENCIA SOCIAL - FMAS;4500;Sim;
739;26/06/2025;municipio;SANTA BÁRBARA;SECRETARIA MUNICIPAL DE EDUCACAO DE SANTA BARBARA;6500;Sim;
740;26/06/2025;municipio;SANTA BÁRBARA;UMSAUDE - FUNDO MUNICIPAL DE SAUDE DE SANTA BARBARA;6500;Sim;
741;26/06/2025;municipio;BOTUPORÃ;MUNICIPIO DE BOTUPORA;14375;Sim;
742;26/06/2025;municipio;BOTUPORÃ;FUNDO MUNICIPAL DE SAUDE DO MUNICIPIO DE BOTUPORA;10062,5;Sim;
743;26/06/2025;municipio;BOTUPORÃ;FUNDO MUNICIPAL DE EDUCACAO-FME;10062,5;Sim;
744;26/06/2025;municipio;BARROCAS;FUNDO MUNICIPAL DE ASSISTENCIA SOCIAL - FMAS;4000;Sim;
745;26/06/2025;municipio;BARROCAS;MUNICIPIO DE BARROCAS;4000;Sim;
746;26/06/2025;municipio;BARROCAS;FUNDO MUNICIPAL DE SAUDE;4000;Sim;
747;26/06/2025;municipio;BARROCAS;MUNICIPIO DE BARROCAS;9000;Sim;
748;26/06/2025;municipio;BARROCAS;MUNICIPIO DE BARROCAS;4500;Sim;
749;26/06/2025;municipio;BARROCAS;MUNICIPIO DE BARROCAS;4500;Sim;
750;26/06/2025;municipio;ANDORINHA;MUNICIPIO DE ANDORINHA;12050;Sim;
751;26/06/2025;municipio;ANDORINHA;FUNDO MUNICIPAL DE ASSISTENCIA SOCIAL;6000;Sim;
752;26/06/2025;municipio;ANDORINHA;SECRETARIA MUNICIPAL DE EDUCACAO;8000;Sim;
753;26/06/2025;municipio;ANDORINHA;FUNDO MUNICIPAL DE SAUDE DE ANDORINHA;8000;Sim;
754;26/06/2025;municipio;ANDORINHA;MUNICIPIO DE ANDORINHA;14000;Sim;
755;26/06/2025;municipio;BOA VISTA DO TUPIM;MUNICIPIO DE BOA VISTA DO TUPIM;6500;Sim;
756;26/06/2025;municipio;BOA VISTA DO TUPIM;FUNDO MUNICIPAL DE ASSISTENCIA SOCIAL FMAS;4000;Sim;
757;26/06/2025;municipio;BOA VISTA DO TUPIM;MUNICIPIO DE BOA VISTA DO TUPIM;4000;Sim;
758;26/06/2025;municipio;BOA VISTA DO TUPIM;FUNDO MUNICIPAL DE SAUDE FUNSAUDE;4000;Sim;
759;26/06/2025;municipio;BOA VISTA DO TUPIM;MUNICIPIO DE BOA VISTA DO TUPIM;4500;Sim;
760;26/06/2025;municipio;BOM JESUS DA LAPA;MUNICIPIO DE BOM JESUS DA LAPA;21000;Sim;
761;26/06/2025;municipio;BOM JESUS DA LAPA;FUNDO MUNICIPAL DE ASSISTENCIA SOCIAL - FMAS;3000;Sim;
762;26/06/2025;municipio;BOM JESUS DA LAPA;FUNDO MUNICIPAL DE EDUCACAO DO MUNICIPIO DE BOM JESUS DA LAPA;3000;Sim;
763;26/06/2025;municipio;BOM JESUS DA LAPA;NOME EMPRESARIAL FUNDO MUNICIPAL DE SAUDE DE BOM JESUS DA LAPA;3000;Sim;
764;26/06/2025;municipio;BOM JESUS DA LAPA;MUNICIPIO DE BOM JESUS DA LAPA;15000;Sim;
765;26/06/2025;municipio;PAULO AFONSO;CONSORCIO PUBLICO INTERFEDERATIVO DE SAUDE DA REGIAO DE PAULO AFONSO;10000;Sim;
766;26/06/2025;municipio;GLÓRIA;MUNICIPIO DE GLORIA;18000;Sim;
767;26/06/2025;municipio;GLÓRIA;FUNDO MUNICIPAL DE ASSISTENCIA E BEM - ESTAR SOCIAL - FUMABES;3000;Sim;
768;26/06/2025;municipio;GLÓRIA;SECRETARIA MUNICIPAL DE EDUCACAO DE GLORIA-BA;4000;Sim;
769;26/06/2025;municipio;GLÓRIA;FMS-FUNDO MUNICIPAL DE SAUDE;5000;Sim;
770;26/06/2025;municipio;LAMARÃO;MUNICIPIO DE LAMARAO;9000;Sim;
771;26/06/2025;municipio;LAMARÃO;FUNDO MUNICIPAL DE ASSISTENCIA SOCIAL;4000;Sim;
772;26/06/2025;municipio;LAMARÃO;SECRETARIA MUNICIPAL DE EDUCACAO, CULTURA, ESPORTE E LAZER - SMECEL;4500;Sim;
773;26/06/2025;municipio;LAMARÃO;FUNDO MUNICIPAL DE SAUDE - FMS;4500;Sim;
774;26/06/2025;municipio;CANDEIAS;MUNICIPIO DE CANDEIAS;25500;Sim;
775;26/06/2025;municipio;CONDE;MUNICIPIO DE CONDE;20000;Sim;
776;26/06/2025;municipio;CONDE;FUNDO MUNICIPAL DE ASSISTENCIA SOCIAL DE CONDE;5000;Sim;
777;26/06/2025;municipio;CONDE;FUNDO MUNICIPAL DE EDUCACAO - FME;5000;Sim;
778;26/06/2025;municipio;CONDE;FUNDO MUNICIPAL DE SAUDE DE CONDE;5000;Sim;
779;26/06/2025;municipio;GUARATINGA;MUNICIPIO DE GUARATINGA;10000;Sim;
780;26/06/2025;municipio;GUARATINGA;FUNDO MUNICIPAL DE SAUDE DE GUARATINGA;7500;Sim;
781;26/06/2025;municipio;GUARATINGA;FUNDO MUNICIPAL DE EDUCACAO - FME;7500;Sim;
783;26/06/2025;municipio;ITAJU DO COLÔNIA;FUNDO MUNICIPAL DE ASSISTENCIA SOCIAL;4000;Sim;
784;26/06/2025;municipio;ITAJU DO COLÔNIA;FUNDO MUNICIPAL DE EDUCACAO DE ITAJU DO COLONIA;4500;Sim;
785;26/06/2025;municipio;ITAJU DO COLÔNIA;FUNDO MUNICIPAL DE SAUDE ITAJU DO COLONIA;4500;Sim;
786;26/06/2025;municipio;ITAJU DO COLÔNIA;MUNICIPIO DE ITAJU DO COLONIA;9000;Sim;
787;26/06/2025;municipio;JAGUARIPE;MUNICIPIO DE JAGUARIPE;13000;Sim;
788;26/06/2025;municipio;JAGUARIPE;FUNDO MUNICIPAL DE ASSISTENCIA SOCIAL - FMAS DE JAGUARIPE;3000;Sim;
789;26/06/2025;municipio;JAGUARIPE;SECRETARIA MUNICIPAL DE EDUCACAO DE JAGUARIPE;7000;Sim;
790;26/06/2025;municipio;JAGUARIPE;FUNDO MUNICIPAL DE SAUDE;7000;Sim;
791;26/06/2025;municipio;JAGUARIPE;MUNICIPIO DE JAGUARIPE;6000;Sim;
792;26/06/2025;municipio;JAGUARIPE;MUNICIPIO DE JAGUARIPE;4000;Sim;
793;26/06/2025;municipio;MUQUÉM DE SÃO FRANCISCO;MUNICIPIO DE MUQUEM DO SAO FRANCISCO;16000;Sim;
794;26/06/2025;municipio;MUQUÉM DE SÃO FRANCISCO;FUNDO MUNICIPAL DE SAUDE;5000;Sim;
796;26/06/2025;municipio;MUQUÉM DE SÃO FRANCISCO;FUNDO MUNICIPAL DE ASSISTENCIA SOCIAL;2000;Sim;
797;26/06/2025;municipio;MUQUÉM DE SÃO FRANCISCO;MUNICIPIO DE MUQUEM DO SAO FRANCISCO;4500;Sim;
798;26/06/2025;municipio;MUQUÉM DE SÃO FRANCISCO;SECRETARIA MUNICIPAL DA EDUCACAO SEMED;4500;Sim;
799;26/06/2025;municipio;MUQUÉM DE SÃO FRANCISCO;MUNICIPIO DE MUQUEM DO SAO FRANCISCO;20000;Sim;
800;26/06/2025;municipio;MUQUÉM DE SÃO FRANCISCO;SECRETARIA MUNICIPAL DA EDUCACAO SEMED;4000;Sim;
801;26/06/2025;municipio;OLIVEIRA DOS BREJINHOS;PREFEITURA MUNICIPAL DE OLIVEIRA DOS BREJINHOS;12000;Sim;
802;26/06/2025;municipio;OLIVEIRA DOS BREJINHOS;FUNDO MUNIC. DE ASS. SOCIAL - OLIV. DOS BREJINHOS;8000;Sim;
803;26/06/2025;municipio;OLIVEIRA DOS BREJINHOS;SECRETARIA DE EDUCACAO DE OLIVEIRA DOS BREJINHOS;9000;Sim;
804;26/06/2025;municipio;OLIVEIRA DOS BREJINHOS;F. M. S. - Oliveira dos Brejinhos;9000;Sim;
805;26/06/2025;municipio;OLIVEIRA DOS BREJINHOS;SECRETARIA DE EDUCACAO DE OLIVEIRA DOS BREJINHOS;8000;Sim;
806;26/06/2025;municipio;SANTO ESTÊVÃO;MUNICIPIO DE SANTO ESTEVAO;15000;Sim;
807;26/06/2025;municipio;SANTO ESTÊVÃO;SECRETARIA DA EDUCACAO;5000;Sim;
808;26/06/2025;municipio;OLIVEIRA DOS BREJINHOS;FUNDO MUNICIPAL DE SAUDE DE SANTO ESTEVAO;5000;Sim;
809;26/06/2025;municipio;SEABRA;MUNICIPIO DE SEABRA;15000;Sim;
810;26/06/2025;municipio;SEABRA;FUNDO MUNICIPAL DE ASSISTENCIA SOCIAL DE SEABRA;5000;Sim;
811;26/06/2025;municipio;SEABRA;FUNDO MUNICIPAL DE SAUDE;5000;Sim;
812;26/06/2025;municipio;SEABRA;FUNDO MUNICIPAL DE EDUCACAO - FME;5000;Sim;
813;26/06/2025;municipio;SEABRA;MUNICIPIO DE SEABRA;9600;Sim;
814;26/06/2025;municipio;SÃO FELIPE;MUNICIPIO DE SAO FELIPE;12000;Sim;
815;26/06/2025;municipio;SÃO FELIPE;FUNDO MUNICIPAL DE ACAO SOCIAL;3000;Sim;
816;26/06/2025;municipio;SÃO FELIPE;SECRETARIA MUNICIPAL DE EDUCACAO DE SAO FELIPE;4000;Sim;
817;26/06/2025;municipio;SÃO FELIPE;FUNDO MUNICIPAL DE SAUDE;6000;Sim;
818;26/06/2025;municipio;SÃO FELIPE;MUNICIPIO DE SAO FELIPE;10000;Sim;
819;26/06/2025;municipio;IBIRAPITANGA;MUNICIPIO DE IBIRAPITANGA;15500;Sim;
820;26/06/2025;municipio;IBIRAPITANGA;FUNDO MUNICIPAL DE EDUCACIONAL - FME;5000;Sim;
821;26/06/2025;municipio;IBIRAPITANGA;FUNDO MUNICIPAL DE SAUDE IBIRAPITANGA;5000;Sim;
822;26/06/2025;municipio;BURITIRAMA;MUNICIPIO DE BURITIRAMA;14000;Sim;
823;26/06/2025;municipio;BURITIRAMA;SECRETARIA MUNICIPAL DE EDUCACAO;9000;Sim;
824;26/06/2025;municipio;BURITIRAMA;FUNDO MUNICIPAL DE SAUDE DE BURITIRAMA;9000;Sim;
825;26/06/2025;municipio;BURITIRAMA;MUNICIPIO DE BURITIRAMA;8100;Sim;
826;26/06/2025;municipio;ITABUNA;FUNDACAO ITABUNENSE DE CULTURA E CIDADANIA;9000;Sim;
827;01/07/2025;municipio;JIQUIRIÇÁ;FUNDO MUNICIPAL DE SAUDE DE JIQUIRICA;910,2;;
828;01/07/2025;municipio;JIQUIRIÇÁ;FUNDO MUNICIPAL DE EDUCACAO - FMED;910,2;;
829;04/07/2025;municipio;SALVADOR;MARCONE AMARAL COSTA JUNIOR;4000;Sim;
830;11/07/2025;camara;CAMAMU;CAMAMU CAMARA DE VEREADORES;8750;Sim;
831;17/07/2025;camara;SÁTIRO DIAS;CAMARA MUNICIPAL DE SATIRO DIAS;15000;Sim;
832;17/07/2025;camara;SÁTIRO DIAS;CAMARA MUNICIPAL DE SATIRO DIAS;7000;Sim;
833;17/07/2025;camara;SÁTIRO DIAS;CAMARA MUNICIPAL DE SATIRO DIAS;8000;Sim;
834;17/07/2025;camara;CAMPO ALEGRE DE LOURDES;CAMARA MUNICIPAL DE CAMPO ALEGRE DE LOURDES;9000;Sim;
835;17/07/2025;camara;CAMPO ALEGRE DE LOURDES;CAMARA MUNICIPAL DE CAMPO ALEGRE DE LOURDES;7500;Sim;
836;17/07/2025;camara;CAMPO ALEGRE DE LOURDES;CAMARA MUNICIPAL DE CAMPO ALEGRE DE LOURDES;6000;Sim;
837;17/07/2025;camara;CAMAMU;CAMAMU CAMARA DE VEREADORES;8750;Sim;
838;17/07/2025;camara;SANTA BÁRBARA;CAMARA MUNICIPAL DE VEREADORES DE SANTA BARBARA B;9000;Sim;
839;17/07/2025;camara;SANTA BÁRBARA;CAMARA MUNICIPAL DE VEREADORES DE SANTA BARBARA B;4800;Sim;
840;17/07/2025;camara;SANTA BÁRBARA;CAMARA MUNICIPAL DE VEREADORES DE SANTA BARBARA B;4500;Sim;
841;17/07/2025;camara;GLÓRIA;CAMARA MUNICIPAL DE GLORIA;10600;Sim;
842;17/07/2025;camara;GLÓRIA;CAMARA MUNICIPAL DE GLORIA;6000;Sim;
843;17/07/2025;camara;APORÁ;CAMARA MUNICIPAL DE APORA;15000;Sim;
844;17/07/2025;camara;APORÁ;CAMARA MUNICIPAL DE APORA;7000;Sim;
845;17/07/2025;camara;APORÁ;CAMARA MUNICIPAL DE APORA;4500;Sim;
846;17/07/2025;camara;APORÁ;CAMARA MUNICIPAL DE APORA;4500;Sim;
847;17/07/2025;camara;NORDESTINA;CAMARA DE VEREADOREA DE NORDESTINA;13000;Sim;
848;17/07/2025;camara;NORDESTINA;CAMARA DE VEREADOREA DE NORDESTINA;8500;Sim;
849;17/07/2025;camara;NORDESTINA;CAMARA DE VEREADOREA DE NORDESTINA;5455;Sim;
850;17/07/2025;camara;NORDESTINA;CAMARA DE VEREADOREA DE NORDESTINA;5640;Sim;
851;17/07/2025;camara;NORDESTINA;CAMARA DE VEREADOREA DE NORDESTINA;5760;Sim;
852;17/07/2025;camara;OLIVEIRA DOS BREJINHOS;CÂMARA MUNICIPAL DE OLIVEIRA DOS BREJINHOS;13000;Sim;
853;17/07/2025;camara;OLIVEIRA DOS BREJINHOS;CÂMARA MUNICIPAL DE OLIVEIRA DOS BREJINHOS;4000;Sim;
854;17/07/2025;camara;OLIVEIRA DOS BREJINHOS;CÂMARA MUNICIPAL DE OLIVEIRA DOS BREJINHOS;4700;Sim;
855;17/07/2025;camara;QUIJINGUE;CAMARA MUNICIPAL DE QUIJINGUE;9000;Sim;
856;17/07/2025;camara;QUIJINGUE;CAMARA MUNICIPAL DE QUIJINGUE;4000;Sim;
857;17/07/2025;camara;QUIJINGUE;CAMARA MUNICIPAL DE QUIJINGUE;3500;Sim;
858;17/07/2025;camara;MUQUÉM DE SÃO FRANCISCO;CAMARA MUNICIPAL DE MUQUEM DO SAO FRANCISCO;10000;Sim;
859;17/07/2025;camara;MUQUÉM DE SÃO FRANCISCO;CAMARA MUNICIPAL DE MUQUEM DO SAO FRANCISCO;4500;Sim;
860;17/07/2025;camara;MUQUÉM DE SÃO FRANCISCO;CAMARA MUNICIPAL DE MUQUEM DO SAO FRANCISCO;2500;Sim;
861;18/07/2025;municipio;BARROCAS;MUNICIPIO DE BARROCAS;10500;Sim;
862;21/07/2025;municipio;PAULO AFONSO;CONSORCIO PUBLICO INTERFEDERATIVO DE SAUDE DA REGIAO DE PAULO AFONSO;10000;Sim;
863;24/07/2025;municipio;PEDRO ALEXANDRE;MUNICIPIO DE PEDRO ALEXANDRE;18000;Sim;
864;24/07/2025;municipio;PEDRO ALEXANDRE;MUNICIPIO DE PEDRO ALEXANDRE;18000;Sim;
865;24/07/2025;municipio;PEDRO ALEXANDRE;MUNICIPIO DE PEDRO ALEXANDRE;18000;Sim;
866;24/07/2025;municipio;PEDRO ALEXANDRE;MUNICIPIO DE PEDRO ALEXANDRE;18000;Sim;
867;24/07/2025;municipio;PEDRO ALEXANDRE;FUNDO MUNICIPAL DE SAUDE;7000;Sim;
868;24/07/2025;municipio;IGRAPIÚNA;MUNICIPI DE IGRAPIUNA;7000;Sim;
869;24/07/2025;municipio;IGRAPIÚNA;FUNDO MUNICIPAL DE SAUDE;6000;Sim;
870;24/07/2025;municipio;IGRAPIÚNA;FUNDO MUNICIPAL DE EDUCACAO DE IGRAPIUNA;6000;Sim;
871;24/07/2025;municipio;IGRAPIÚNA;FUNDO MUNICIPAL DE ASSISTENCIA SOCIAL;4000;Sim;
872;24/07/2025;municipio;WENCESLAU GUIMARÃES;MUNICIPIO DE WENCESLAU GUIMARAES;18000;Sim;
873;24/07/2025;municipio;WENCESLAU GUIMARÃES;FUNDO MUNICIPAL DE SAUDE FMS;6500;Sim;
874;24/07/2025;municipio;WENCESLAU GUIMARÃES;FUNDO MUNICIPAL DE EDUCACAO - FME DO MUNICIPIO DE WENCESLAU GUIMARAES;4000;Sim;
875;24/07/2025;municipio;WENCESLAU GUIMARÃES;FUNDO MUNICIPAL DE ASSISTENCIA SOCIAL;4000;Sim;
877;24/07/2025;municipio;WENCESLAU GUIMARÃES;MUNICIPIO DE WENCESLAU GUIMARAES;5000;Sim;
878;24/07/2025;municipio;WENCESLAU GUIMARÃES;MUNICIPIO DE WENCESLAU GUIMARAES;10000;Sim;
880;24/07/2025;municipio;SOUTO SOARES;MUNICIPIO DE SOUTO SOARES;6000;Sim;
881;24/07/2025;municipio;SOUTO SOARES;FUNDO MUNICIPAL DE SAUDE DE SOUTO SOARES;4000;Sim;
882;24/07/2025;municipio;SOUTO SOARES;FUNDO MUNICIPAL DE EDUCACAO DE SOUTO SOARES;4000;Sim;
883;24/07/2025;municipio;SOUTO SOARES;FUNDO MUNICIPAL DE ASSISTENCIA SOCIAL DE SOUTO SOARES;4000;Sim;
884;24/07/2025;municipio;SANTA BÁRBARA;MUNICIPIO DE SANTA BARBARA;15000;Sim;
885;24/07/2025;municipio;SANTA BÁRBARA;FUNDO MUNICIPAL DE ASSISTENCIA SOCIAL - FMAS;4500;Sim;
886;24/07/2025;municipio;SANTA BÁRBARA;SECRETARIA MUNICIPAL DE EDUCACAO DE SANTA BARBARA;6500;Sim;
887;24/07/2025;municipio;SANTA BÁRBARA;UMSAUDE - FUNDO MUNICIPAL DE SAUDE DE SANTA BARBARA;6500;Sim;
888;24/07/2025;municipio;BARROCAS;MUNICIPIO DE BARROCAS;9000;Sim;
889;24/07/2025;municipio;BARROCAS;FUNDO MUNICIPAL DE ASSISTENCIA SOCIAL - FMAS;4000;Sim;
890;24/07/2025;municipio;BARROCAS;MUNICIPIO DE BARROCAS;4000;Sim;
891;24/07/2025;municipio;BARROCAS;FUNDO MUNICIPAL DE SAUDE;4000;Sim;
892;24/07/2025;municipio;BARROCAS;MUNICIPIO DE BARROCAS;4500;Sim;
894;24/07/2025;municipio;BARROCAS;MUNICIPIO DE BARROCAS;4500;Sim;
895;24/07/2025;municipio;ANDORINHA;MUNICIPIO DE ANDORINHA;12050;Sim;
896;24/07/2025;municipio;ANDORINHA;FUNDO MUNICIPAL DE ASSISTENCIA SOCIAL;6000;Sim;
897;24/07/2025;municipio;ANDORINHA;SECRETARIA MUNICIPAL DE EDUCACAO;8000;Sim;
898;24/07/2025;municipio;ANDORINHA;FUNDO MUNICIPAL DE SAUDE DE ANDORINHA;8000;Sim;
899;24/07/2025;municipio;ANDORINHA;MUNICIPIO DE ANDORINHA;14000;Sim;
900;24/07/2025;municipio;BOA VISTA DO TUPIM;MUNICIPIO DE BOA VISTA DO TUPIM;6500;Sim;
901;24/07/2025;municipio;BOM JESUS DA LAPA;FUNDO MUNICIPAL DE ASSISTENCIA SOCIAL FMAS;4000;Sim;
902;24/07/2025;municipio;BOA VISTA DO TUPIM;MUNICIPIO DE BOA VISTA DO TUPIM;4000;Sim;
903;24/07/2025;municipio;BOA VISTA DO TUPIM;FUNDO MUNICIPAL DE SAUDE FUNSAUDE;4000;Sim;
904;24/07/2025;municipio;BOA VISTA DO TUPIM;MUNICIPIO DE BOA VISTA DO TUPIM;4500;Sim;
905;24/07/2025;municipio;SEABRA;MUNICIPIO DE SEABRA;15000;Sim;
906;24/07/2025;municipio;SEABRA;FUNDO MUNICIPAL DE ASSISTENCIA SOCIAL DE SEABRA;5000;Sim;
907;24/07/2025;municipio;SEABRA;FUNDO MUNICIPAL DE SAUDE;5000;Sim;
908;24/07/2025;municipio;SEABRA;FUNDO MUNICIPAL DE EDUCACAO - FME;5000;Sim;
909;24/07/2025;municipio;SEABRA;MUNICIPIO DE SEABRA;9600;Sim;
910;24/07/2025;municipio;IBIRAPITANGA;MUNICIPIO DE IBIRAPITANGA;15500;Sim;
911;24/07/2025;municipio;IBIRAPITANGA;FUNDO MUNICIPAL DE EDUCACIONAL - FME;5000;Sim;
912;24/07/2025;municipio;IBIRAPITANGA;FUNDO MUNICIPAL DE SAUDE IBIRAPITANGA;5000;Sim;
913;24/07/2025;municipio;BURITIRAMA;MUNICIPIO DE BURITIRAMA;14000;Sim;
914;24/07/2025;municipio;BURITIRAMA;SECRETARIA MUNICIPAL DE EDUCACAO;9000;Sim;
915;24/07/2025;municipio;BURITIRAMA;FUNDO MUNICIPAL DE SAUDE DE BURITIRAMA;9000;Sim;
916;24/07/2025;municipio;BURITIRAMA;MUNICIPIO DE BURITIRAMA;8100;Sim;
917;24/07/2025;municipio;CONCEIÇÃO DA FEIRA;MUNICIPIO DE CONCEICAO DA FEIRA;6500;;
918;24/07/2025;municipio;IBIRATAIA;MUNICIPIO DE IBIRATAIA;20000;Sim;
919;25/07/2025;municipio;JIQUIRIÇÁ;FUNDO MUNICIPAL DE EDUCACAO - FMED;910,2;;
920;25/07/2025;municipio;JIQUIRIÇÁ;FUNDO MUNICIPAL DE SAUDE DE JIQUIRICA;910,2;;
921;25/07/2025;municipio;ITUBERÁ;MUNICIPIO DE ITUBERA;17500;Sim;
922;25/07/2025;municipio;ITUBERÁ;FUNDO MUNICIPAL DE SAUDE DE ITUBERA;4500;Sim;
923;25/07/2025;municipio;ITUBERÁ;FUNDO MUNICIPAL DE EDUCACAO - FME;4500;Sim;
924;25/07/2025;municipio;OLIVEIRA DOS BREJINHOS;FUNDO MUNICIPAL DE ASSISTENCIA SOCIA;4500;;
925;25/07/2025;municipio;SÃO MIGUEL DAS MATAS;MUNICIPIO DE SAO MIGUEL DAS MATAS;20625;Sim;
926;25/07/2025;municipio;BARRA DO ROCHA;MUNICIPIO DE BARRA DO ROCHA;10000;Sim;
927;25/07/2025;municipio;BARRA DO ROCHA;FUNDO MUNICIPAL DE SAUDE DE BARRA DO ROCHA-BA;4400;Sim;
928;25/07/2025;municipio;BARRA DO ROCHA;SECRETARIA MUNICIPAL DE EDUCACAO, CULTURA, ESPORTES E LAZER;4600;Sim;
929;25/07/2025;municipio;CARDEAL DA SILVA;MUNICIPIO DE CARDEAL DA SILVA;9000;Sim;
930;25/07/2025;municipio;CARDEAL DA SILVA;FUNDO MUNICIPAL DE SAUDE DE CARDEAL DA SILVA;4500;Sim;
931;25/07/2025;municipio;CARDEAL DA SILVA;FUNDO MUNICIPAL DE ASSISTENCIA SOCIAL;4500;Sim;
932;25/07/2025;municipio;CAMPO ALEGRE DE LOURDES;MUNICIPIO DE CAMPO ALEGRE DE LOURDES;12000;Sim;
933;25/07/2025;municipio;CAMPO ALEGRE DE LOURDES;FUNDO MUNICIPAL DE ASSISTENCIA SOCIAL;6000;Sim;
934;25/07/2025;municipio;CAMPO ALEGRE DE LOURDES;NOME EMPRESARIAL FUNDO MUNICIPAL DE SAUDE CAMPO ALEGRE DE LOURDES;7000;Sim;
935;25/07/2025;municipio;CAMPO ALEGRE DE LOURDES;FUNDO MUNICIPAL DE EDUCACAO DE CAMPO ALEGRE DE LOURDES;7000;Sim;
936;25/07/2025;municipio;QUIJINGUE;MUNICIPIO DE QUIJINGUE;13000;Sim;
937;25/07/2025;municipio;QUIJINGUE;FUNDO MUNICIPAL DE ASSISTENCIA SOCIAL;5000;Sim;
938;25/07/2025;municipio;QUIJINGUE;SECRETARIA MUNICIPAL DA EDUCACAO;6000;Sim;
939;25/07/2025;municipio;QUIJINGUE;FUNDO MUNICIPAL DE SAUDE DE QUIJINGUE;6000;Sim;
940;25/07/2025;municipio;IBOTIRAMA;PREFEITURA MUNICIPAL DE IBOTIRAMA;22000;Sim;
941;25/07/2025;municipio;IBOTIRAMA;FUNDO MUNICIPAL DE SAUDE;5000;Sim;
942;25/07/2025;municipio;IBOTIRAMA;FUNDO MUNICIPAL DE EDUCACAO - FME;3000;Sim;
943;25/07/2025;municipio;IBOTIRAMA;FUNDO MUNICIPAL DE ASSISTENCIA SOCIAL DE IBOTIRAMA;3000;Sim;
944;25/07/2025;municipio;BOTUPORÃ;MUNICIPIO DE BOTUPORA;14375;Sim;
945;25/07/2025;municipio;BOTUPORÃ;FUNDO MUNICIPAL DE SAUDE DO MUNICIPIO DE BOTUPORA;10062,5;Sim;
946;25/07/2025;municipio;BOTUPORÃ;FUNDO MUNICIPAL DE EDUCACAO-FME;10062,5;Sim;
947;25/07/2025;municipio;BOM JESUS DA LAPA;MUNICIPIO DE BOM JESUS DA LAPA;21000;Sim;
948;25/07/2025;municipio;BOM JESUS DA LAPA;FUNDO MUNICIPAL DE ASSISTENCIA SOCIAL - FMAS;3000;Sim;
949;25/07/2025;municipio;BOM JESUS DA LAPA;FUNDO MUNICIPAL DE EDUCACAO DO MUNICIPIO DE BOM JESUS DA LAPA;3000;Sim;
950;25/07/2025;municipio;BOM JESUS DA LAPA;NOME EMPRESARIAL FUNDO MUNICIPAL DE SAUDE DE BOM JESUS DA LAPA;3000;Sim;
951;25/07/2025;municipio;BOM JESUS DA LAPA;MUNICIPIO DE BOM JESUS DA LAPA;15000;Sim;
952;25/07/2025;municipio;GLÓRIA;MUNICIPIO DE GLORIA;18000;Sim;
953;25/07/2025;municipio;GLÓRIA;FUNDO MUNICIPAL DE ASSISTENCIA E BEM - ESTAR SOCIAL - FUMABES;3000;Sim;
954;25/07/2025;municipio;GLÓRIA;SECRETARIA MUNICIPAL DE EDUCACAO DE GLORIA-BA;4000;Sim;
955;25/07/2025;municipio;GLÓRIA;FMS-FUNDO MUNICIPAL DE SAUDE;5000;Sim;
956;25/07/2025;municipio;LAMARÃO;MUNICIPIO DE LAMARAO;9000;Sim;
957;25/07/2025;municipio;LAMARÃO;FUNDO MUNICIPAL DE ASSISTENCIA SOCIAL;4000;Sim;
958;25/07/2025;municipio;LAMARÃO;SECRETARIA MUNICIPAL DE EDUCACAO, CULTURA, ESPORTE E LAZER - SMECEL;4500;Sim;
959;25/07/2025;municipio;LAMARÃO;FUNDO MUNICIPAL DE SAUDE - FMS;4500;Sim;
960;25/07/2025;municipio;CANDEIAS;MUNICIPIO DE CANDEIAS;25500;Sim;
961;25/07/2025;municipio;CONDE;MUNICIPIO DE CONDE;20000;Sim;
962;25/07/2025;municipio;CONDE;FUNDO MUNICIPAL DE ASSISTENCIA SOCIAL DE CONDE;5000;Sim;
964;25/07/2025;municipio;CONDE;FUNDO MUNICIPAL DE SAUDE DE CONDE;5000;Sim;
965;25/07/2025;municipio;CONDE;FUNDO MUNICIPAL DE EDUCACAO - FME;5000;Sim;
966;25/07/2025;municipio;GUARATINGA;MUNICIPIO DE GUARATINGA;10000;Sim;
967;25/07/2025;municipio;GUARATINGA;FUNDO MUNICIPAL DE SAUDE DE GUARATINGA;7500;Sim;
968;25/07/2025;municipio;GUARATINGA;FUNDO MUNICIPAL DE EDUCACAO - FME;7500;Sim;
969;25/07/2025;municipio;ITAJU DO COLÔNIA;MUNICIPIO DE ITAJU DO COLONIA;9000;Sim;
970;25/07/2025;municipio;ITAJU DO COLÔNIA;FUNDO MUNICIPAL DE ASSISTENCIA SOCIAL;4000;Sim;
971;25/07/2025;municipio;ITAJU DO COLÔNIA;FUNDO MUNICIPAL DE EDUCACAO DE ITAJU DO COLONIA;4500;Sim;
972;25/07/2025;municipio;ITAJU DO COLÔNIA;FUNDO MUNICIPAL DE SAUDE ITAJU DO COLONIA;4500;Sim;
973;25/07/2025;municipio;JAGUARIPE;MUNICIPIO DE JAGUARIPE;13000;Sim;
974;25/07/2025;municipio;JAGUARIPE;FUNDO MUNICIPAL DE ASSISTENCIA SOCIAL - FMAS DE JAGUARIPE;3000;Sim;
975;25/07/2025;municipio;JAGUARIPE;SECRETARIA MUNICIPAL DE EDUCACAO DE JAGUARIPE;7000;Sim;
976;25/07/2025;municipio;JAGUARIPE;FUNDO MUNICIPAL DE SAUDE;7000;Sim;
977;25/07/2025;municipio;JAGUARIPE;MUNICIPIO DE JAGUARIPE;6000;Sim;
978;25/07/2025;municipio;JAGUARIPE;MUNICIPIO DE JAGUARIPE;4000;Sim;
979;25/07/2025;municipio;MUQUÉM DE SÃO FRANCISCO;MUNICIPIO DE MUQUEM DO SAO FRANCISCO;16000;Sim;
980;25/07/2025;municipio;MUQUÉM DE SÃO FRANCISCO;FUNDO MUNICIPAL DE SAUDE;5000;Sim;
981;25/07/2025;municipio;MUQUÉM DE SÃO FRANCISCO;SECRETARIA MUNICIPAL DA EDUCACAO SEMED;4000;Sim;
982;25/07/2025;municipio;MUQUÉM DE SÃO FRANCISCO;FUNDO MUNICIPAL DE ASSISTENCIA SOCIAL;2000;Sim;
983;25/07/2025;municipio;MUQUÉM DE SÃO FRANCISCO;MUNICIPIO DE MUQUEM DO SAO FRANCISCO;4500;Sim;
984;25/07/2025;municipio;MUQUÉM DE SÃO FRANCISCO;SECRETARIA MUNICIPAL DA EDUCACAO SEMED;4500;Sim;
985;25/07/2025;municipio;MUQUÉM DE SÃO FRANCISCO;MUNICIPIO DE MUQUEM DO SAO FRANCISCO;20000;Sim;
986;25/07/2025;municipio;OLIVEIRA DOS BREJINHOS;PREFEITURA MUNICIPAL DE OLIVEIRA DOS BREJINHOS;12000;Sim;
987;25/07/2025;municipio;OLIVEIRA DOS BREJINHOS;FUNDO MUNIC. DE ASS. SOCIAL - OLIV. DOS BREJINHOS;8000;Sim;
988;25/07/2025;municipio;OLIVEIRA DOS BREJINHOS;SECRETARIA DE EDUCACAO DE OLIVEIRA DOS BREJINHOS;9000;Sim;
989;25/07/2025;municipio;OLIVEIRA DOS BREJINHOS;F. M. S. - Oliveira dos Brejinhos;9000;Sim;
990;25/07/2025;municipio;OLIVEIRA DOS BREJINHOS;SECRETARIA DE EDUCACAO DE OLIVEIRA DOS BREJINHOS;8000;Sim;
991;25/07/2025;municipio;SANTO ESTÊVÃO;MUNICIPIO DE SANTO ESTEVAO;15000;Sim;
992;25/07/2025;municipio;SANTO ESTÊVÃO;SECRETARIA DA EDUCACAO;5000;Sim;
993;25/07/2025;municipio;SANTO ESTÊVÃO;FUNDO MUNICIPAL DE SAUDE DE SANTO ESTEVAO;5000;Sim;
994;25/07/2025;municipio;SÃO FELIPE;MUNICIPIO DE SAO FELIPE;12000;Sim;
995;25/07/2025;municipio;SÃO FELIPE;FUNDO MUNICIPAL DE ACAO SOCIAL;3000;Sim;
996;25/07/2025;municipio;SÃO FELIPE;SECRETARIA MUNICIPAL DE EDUCACAO DE SAO FELIPE;4000;Sim;
997;25/07/2025;municipio;SÃO FELIPE;FUNDO MUNICIPAL DE SAUDE;6000;Sim;
998;25/07/2025;municipio;SÃO FELIPE;MUNICIPIO DE SAO FELIPE;10000;Sim;
999;25/07/2025;municipio;ITABUNA;FUNDACAO ITABUNENSE DE CULTURA E CIDADANIA;9000;Sim;
1000;06/08/2025;municipio;SALVADOR;MARCONE AMARAL COSTA JUNIOR;4000;Sim;
1001;13/08/2025;camara;NORDESTINA;CAMARA DE VEREADOREA DE NORDESTINA;13000;Sim;
1002;13/08/2025;camara;NORDESTINA;CAMARA DE VEREADOREA DE NORDESTINA;8500;Sim;
1003;13/08/2025;camara;NORDESTINA;CAMARA DE VEREADOREA DE NORDESTINA;5455;Sim;
1004;13/08/2025;camara;NORDESTINA;CAMARA DE VEREADOREA DE NORDESTINA;5640;Sim;
1005;13/08/2025;camara;NORDESTINA;CAMARA DE VEREADOREA DE NORDESTINA;5760;Sim;
1006;14/08/2025;camara;SÁTIRO DIAS;CAMARA MUNICIPAL DE SATIRO DIAS;15000;Sim;
1007;14/08/2025;camara;SÁTIRO DIAS;CAMARA MUNICIPAL DE SATIRO DIAS;7000;Sim;
1008;14/08/2025;camara;SÁTIRO DIAS;CAMARA MUNICIPAL DE SATIRO DIAS;8000;Sim;
1009;14/08/2025;camara;CAMPO ALEGRE DE LOURDES;CAMARA MUNICIPAL DE CAMPO ALEGRE DE LOURDES;9000;Sim;
1010;14/08/2025;camara;CAMPO ALEGRE DE LOURDES;CAMARA MUNICIPAL DE CAMPO ALEGRE DE LOURDES;7500;Sim;
1011;14/08/2025;camara;CAMPO ALEGRE DE LOURDES;CAMARA MUNICIPAL DE CAMPO ALEGRE DE LOURDES;6000;Sim;
1012;14/08/2025;camara;CAMAMU;CAMAMU CAMARA DE VEREADORES;8750;Sim;
1013;14/08/2025;camara;SANTA BÁRBARA;CAMARA MUNICIPAL DE VEREADORES DE SANTA BARBARA B;9000;Sim;
1014;14/08/2025;camara;SANTA BÁRBARA;CAMARA MUNICIPAL DE VEREADORES DE SANTA BARBARA B;4800;Sim;
1015;14/08/2025;camara;SANTA BÁRBARA;CAMARA MUNICIPAL DE VEREADORES DE SANTA BARBARA B;4500;Sim;
1016;14/08/2025;camara;GLÓRIA;CAMARA MUNICIPAL DE GLORIA;10600;Sim;
1017;14/08/2025;camara;GLÓRIA;CAMARA MUNICIPAL DE GLORIA;6000;Sim;
1018;14/08/2025;camara;APORÁ;CAMARA MUNICIPAL DE APORA;15000;Sim;
1019;14/08/2025;camara;APORÁ;CAMARA MUNICIPAL DE APORA;7000;Sim;
1020;14/08/2025;camara;APORÁ;CAMARA MUNICIPAL DE APORA;4500;Sim;
1021;14/08/2025;camara;APORÁ;CAMARA MUNICIPAL DE APORA;4500;Sim;
1022;14/08/2025;camara;OLIVEIRA DOS BREJINHOS;CÂMARA MUNICIPAL DE OLIVEIRA DOS BREJINHOS;13000;Sim;
1023;14/08/2025;camara;OLIVEIRA DOS BREJINHOS;CÂMARA MUNICIPAL DE OLIVEIRA DOS BREJINHOS;4000;Sim;
1024;14/08/2025;camara;OLIVEIRA DOS BREJINHOS;CÂMARA MUNICIPAL DE OLIVEIRA DOS BREJINHOS;4700;Sim;
1025;14/08/2025;camara;QUIJINGUE;CAMARA MUNICIPAL DE QUIJINGUE;9000;Sim;
1026;14/08/2025;camara;QUIJINGUE;CAMARA MUNICIPAL DE QUIJINGUE;4000;Sim;
1027;14/08/2025;camara;QUIJINGUE;CAMARA MUNICIPAL DE QUIJINGUE;3500;Sim;
1028;14/08/2025;camara;MUQUÉM DE SÃO FRANCISCO;CAMARA MUNICIPAL DE MUQUEM DO SAO FRANCISCO;10000;Sim;
1029;14/08/2025;camara;MUQUÉM DE SÃO FRANCISCO;CAMARA MUNICIPAL DE MUQUEM DO SAO FRANCISCO;4500;Sim;
1030;14/08/2025;camara;MUQUÉM DE SÃO FRANCISCO;CAMARA MUNICIPAL DE MUQUEM DO SAO FRANCISCO;2500;Sim;
1031;14/08/2025;municipio;SÃO MIGUEL DAS MATAS;MUNICIPIO DE SAO MIGUEL DAS MATAS;20625;Sim;
1032;19/08/2025;municipio;CAMPO ALEGRE DE LOURDES;MUNICIPIO DE CAMPO ALEGRE DE LOURDES;12000;Sim;
1033;19/08/2025;municipio;CAMPO ALEGRE DE LOURDES;FUNDO MUNICIPAL DE ASSISTENCIA SOCIAL;6000;Sim;
1034;19/08/2025;municipio;CAMPO ALEGRE DE LOURDES;NOME EMPRESARIAL FUNDO MUNICIPAL DE SAUDE CAMPO ALEGRE DE LOURDES;7000;Sim;
1035;19/08/2025;municipio;CAMPO ALEGRE DE LOURDES;FUNDO MUNICIPAL DE EDUCACAO DE CAMPO ALEGRE DE LOURDES;7000;Sim;
1036;19/08/2025;municipio;PAULO AFONSO;CONSORCIO PUBLICO INTERFEDERATIVO DE SAUDE DA REGIAO DE PAULO AFONSO;10000;Sim;
1037;20/08/2025;camara;VALENÇA;VALENCA-CAMARA MUNICIPAL DE VEREADORES;15000;Sim;
1039;25/08/2025;municipio;IBIRATAIA;MUNICIPIO DE IBIRATAIA;20000;Sim;
1040;25/08/2025;municipio;WENCESLAU GUIMARÃES;MUNICIPIO DE WENCESLAU GUIMARAES;18000;Sim;
1041;25/08/2025;municipio;WENCESLAU GUIMARÃES;FUNDO MUNICIPAL DE SAUDE FMS;6500;Sim;
1042;25/08/2025;municipio;WENCESLAU GUIMARÃES;FUNDO MUNICIPAL DE EDUCACAO - FME DO MUNICIPIO DE WENCESLAU GUIMARAES;4000;Sim;
1043;25/08/2025;municipio;WENCESLAU GUIMARÃES;FUNDO MUNICIPAL DE ASSISTENCIA SOCIAL;4000;Sim;
1044;25/08/2025;municipio;WENCESLAU GUIMARÃES;MUNICIPIO DE WENCESLAU GUIMARAES;5000;Sim;
1045;25/08/2025;municipio;WENCESLAU GUIMARÃES;MUNICIPIO DE WENCESLAU GUIMARAES;10000;Sim;
1046;25/08/2025;municipio;SANTA BÁRBARA;MUNICIPIO DE SANTA BARBARA;15000;Sim;
1048;25/08/2025;municipio;SANTA BÁRBARA;SECRETARIA MUNICIPAL DE EDUCACAO DE SANTA BARBARA;6500;Sim;
1049;25/08/2025;municipio;SANTA BÁRBARA;FUNDO MUNICIPAL DE ASSISTENCIA SOCIAL - FMAS;4500;Sim;
1050;25/08/2025;municipio;SANTA BÁRBARA;UMSAUDE - FUNDO MUNICIPAL DE SAUDE DE SANTA BARBARA;6500;Sim;
1051;25/08/2025;municipio;BARROCAS;MUNICIPIO DE BARROCAS;9000;Sim;
1052;25/08/2025;municipio;BARROCAS;FUNDO MUNICIPAL DE ASSISTENCIA SOCIAL - FMAS;4000;Sim;
1053;25/08/2025;municipio;BARROCAS;MUNICIPIO DE BARROCAS;4000;Sim;
1054;25/08/2025;municipio;BARROCAS;FUNDO MUNICIPAL DE SAUDE;4000;Sim;
1055;25/08/2025;municipio;BARROCAS;MUNICIPIO DE BARROCAS;4500;Sim;
1056;25/08/2025;municipio;BARROCAS;MUNICIPIO DE BARROCAS;4500;Sim;
1057;25/08/2025;municipio;BOA VISTA DO TUPIM;MUNICIPIO DE BOA VISTA DO TUPIM;6500;Sim;
1058;25/08/2025;municipio;BOM JESUS DA LAPA;FUNDO MUNICIPAL DE ASSISTENCIA SOCIAL FMAS;4000;Sim;
1059;25/08/2025;municipio;BOA VISTA DO TUPIM;MUNICIPIO DE BOA VISTA DO TUPIM;4000;Sim;
1060;25/08/2025;municipio;BOA VISTA DO TUPIM;FUNDO MUNICIPAL DE SAUDE FUNSAUDE;4000;Sim;
1061;25/08/2025;municipio;BOA VISTA DO TUPIM;MUNICIPIO DE BOA VISTA DO TUPIM;4500;Sim;
1062;25/08/2025;municipio;IBIRAPITANGA;MUNICIPIO DE IBIRAPITANGA;15500;Sim;
1063;25/08/2025;municipio;IBIRAPITANGA;FUNDO MUNICIPAL DE EDUCACIONAL - FME;5000;Sim;
1064;25/08/2025;municipio;IBIRAPITANGA;FUNDO MUNICIPAL DE SAUDE IBIRAPITANGA;5000;Sim;
1065;25/08/2025;municipio;SOUTO SOARES;MUNICIPIO DE SOUTO SOARES;6000;Sim;
1066;25/08/2025;municipio;SOUTO SOARES;FUNDO MUNICIPAL DE SAUDE DE SOUTO SOARES;4000;Sim;
1067;25/08/2025;municipio;SOUTO SOARES;FUNDO MUNICIPAL DE EDUCACAO DE SOUTO SOARES;4000;Sim;
1068;25/08/2025;municipio;SOUTO SOARES;FUNDO MUNICIPAL DE ASSISTENCIA SOCIAL DE SOUTO SOARES;4000;Sim;
1069;25/08/2025;municipio;JIQUIRIÇÁ;FUNDO MUNICIPAL DE EDUCACAO - FMED;910,2;;
1070;25/08/2025;municipio;JIQUIRIÇÁ;FUNDO MUNICIPAL DE SAUDE DE JIQUIRICA;910,2;;
1071;25/08/2025;municipio;QUIJINGUE;MUNICIPIO DE QUIJINGUE;13000;Sim;
1072;25/08/2025;municipio;QUIJINGUE;FUNDO MUNICIPAL DE ASSISTENCIA SOCIAL;5000;Sim;
1073;25/08/2025;municipio;QUIJINGUE;SECRETARIA MUNICIPAL DA EDUCACAO;6000;Sim;
1074;25/08/2025;municipio;QUIJINGUE;FUNDO MUNICIPAL DE SAUDE DE QUIJINGUE;6000;Sim;
1076;25/08/2025;municipio;PEDRO ALEXANDRE;MUNICIPIO DE PEDRO ALEXANDRE;18000;Sim;
1077;25/08/2025;municipio;PEDRO ALEXANDRE;FUNDO MUNICIPAL DE SAUDE;7000;Sim;
1078;25/08/2025;municipio;IGRAPIÚNA;MUNICIPI DE IGRAPIUNA;7000;Sim;
1079;25/08/2025;municipio;IGRAPIÚNA;FUNDO MUNICIPAL DE SAUDE;6000;Sim;
1080;25/08/2025;municipio;IGRAPIÚNA;FUNDO MUNICIPAL DE EDUCACAO DE IGRAPIUNA;6000;Sim;
1081;25/08/2025;municipio;IGRAPIÚNA;FUNDO MUNICIPAL DE ASSISTENCIA SOCIAL;4000;Sim;
1082;25/08/2025;municipio;ITUBERÁ;MUNICIPIO DE ITUBERA;17500;Sim;
1083;25/08/2025;municipio;ITUBERÁ;FUNDO MUNICIPAL DE SAUDE DE ITUBERA;4500;Sim;
1084;25/08/2025;municipio;ITUBERÁ;FUNDO MUNICIPAL DE EDUCACAO - FME;4500;Sim;
1085;25/08/2025;municipio;ITUBERÁ;FUNDO MUNICIPAL DE ASSISTENCIA SOCIA;4500;Sim;
1086;25/08/2025;municipio;SÃO FELIPE;MUNICIPIO DE SAO FELIPE;12000;Sim;
1088;25/08/2025;municipio;SÃO FELIPE;SECRETARIA MUNICIPAL DE EDUCACAO DE SAO FELIPE;4000;Sim;
1089;25/08/2025;municipio;SÃO FELIPE;FUNDO MUNICIPAL DE ACAO SOCIAL;3000;Sim;
1090;25/08/2025;municipio;SÃO FELIPE;FUNDO MUNICIPAL DE SAUDE;6000;Sim;
1091;25/08/2025;municipio;SÃO FELIPE;MUNICIPIO DE SAO FELIPE;10000;Sim;
1092;25/08/2025;municipio;BARRA DO ROCHA;MUNICIPIO DE BARRA DO ROCHA;10000;Sim;
1093;25/08/2025;municipio;BARRA DO ROCHA;FUNDO MUNICIPAL DE SAUDE DE BARRA DO ROCHA-BA;4400;Sim;
1094;25/08/2025;municipio;BARRA DO ROCHA;SECRETARIA MUNICIPAL DE EDUCACAO, CULTURA, ESPORTES E LAZER;4600;Sim;
1095;25/08/2025;municipio;BURITIRAMA;MUNICIPIO DE BURITIRAMA;14000;Sim;
1096;25/08/2025;municipio;BURITIRAMA;SECRETARIA MUNICIPAL DE EDUCACAO;9000;Sim;
1097;25/08/2025;municipio;BURITIRAMA;FUNDO MUNICIPAL DE SAUDE DE BURITIRAMA;9000;Sim;
1098;25/08/2025;municipio;BURITIRAMA;MUNICIPIO DE BURITIRAMA;8100;Sim;
1099;25/08/2025;municipio;JAGUARIPE;MUNICIPIO DE JAGUARIPE;13000;Não;
1100;25/08/2025;municipio;JAGUARIPE;FUNDO MUNICIPAL DE ASSISTENCIA SOCIAL - FMAS DE JAGUARIPE;3000;Sim;
1101;25/08/2025;municipio;JAGUARIPE;SECRETARIA MUNICIPAL DE EDUCACAO DE JAGUARIPE;7000;Sim;
1102;25/08/2025;municipio;JAGUARIPE;FUNDO MUNICIPAL DE SAUDE;7000;Sim;
1103;25/08/2025;municipio;JAGUARIPE;MUNICIPIO DE JAGUARIPE;4000;Sim;
1104;25/08/2025;municipio;JAGUARIPE;MUNICIPIO DE JAGUARIPE;6000;Sim;
1105;25/08/2025;municipio;SEABRA;MUNICIPIO DE SEABRA;15000;Sim;
1106;25/08/2025;municipio;SEABRA;FUNDO MUNICIPAL DE ASSISTENCIA SOCIAL DE SEABRA;5000;Sim;
1107;25/08/2025;municipio;SEABRA;FUNDO MUNICIPAL DE SAUDE;5000;Sim;
1108;25/08/2025;municipio;SEABRA;FUNDO MUNICIPAL DE EDUCACAO - FME;5000;Sim;
1109;25/08/2025;municipio;SEABRA;MUNICIPIO DE SEABRA;9600;Sim;
1110;25/08/2025;municipio;SANTO ESTÊVÃO;MUNICIPIO DE SANTO ESTEVAO;15000;Sim;
1111;25/08/2025;municipio;SANTO ESTÊVÃO;SECRETARIA DA EDUCACAO;5000;Sim;
1112;25/08/2025;municipio;SANTO ESTÊVÃO;FUNDO MUNICIPAL DE SAUDE DE SANTO ESTEVAO;5000;Sim;
1113;25/08/2025;municipio;MUQUÉM DE SÃO FRANCISCO;MUNICIPIO DE MUQUEM DO SAO FRANCISCO;16000;Sim;
1114;25/08/2025;municipio;MUQUÉM DE SÃO FRANCISCO;FUNDO MUNICIPAL DE SAUDE;5000;Sim;
1115;25/08/2025;municipio;MUQUÉM DE SÃO FRANCISCO;SECRETARIA MUNICIPAL DA EDUCACAO SEMED;4000;Sim;
1116;25/08/2025;municipio;MUQUÉM DE SÃO FRANCISCO;FUNDO MUNICIPAL DE ASSISTENCIA SOCIAL;2000;Sim;
1117;25/08/2025;municipio;MUQUÉM DE SÃO FRANCISCO;MUNICIPIO DE MUQUEM DO SAO FRANCISCO;4500;Sim;
1118;25/08/2025;municipio;MUQUÉM DE SÃO FRANCISCO;SECRETARIA MUNICIPAL DA EDUCACAO SEMED;4500;Sim;
1119;25/08/2025;municipio;MUQUÉM DE SÃO FRANCISCO;MUNICIPIO DE MUQUEM DO SAO FRANCISCO;20000;Sim;
1120;25/08/2025;municipio;ITAJU DO COLÔNIA;MUNICIPIO DE ITAJU DO COLONIA;9000;Sim;
1121;25/08/2025;municipio;ITAJU DO COLÔNIA;FUNDO MUNICIPAL DE ASSISTENCIA SOCIAL;4000;Sim;
1122;25/08/2025;municipio;ITAJU DO COLÔNIA;FUNDO MUNICIPAL DE EDUCACAO DE ITAJU DO COLONIA;4500;Sim;
1123;25/08/2025;municipio;ITAJU DO COLÔNIA;FUNDO MUNICIPAL DE SAUDE ITAJU DO COLONIA;4500;Sim;
1124;25/08/2025;municipio;OLIVEIRA DOS BREJINHOS;PREFEITURA MUNICIPAL DE OLIVEIRA DOS BREJINHOS;12000;Sim;
1125;25/08/2025;municipio;OLIVEIRA DOS BREJINHOS;FUNDO MUNIC. DE ASS. SOCIAL - OLIV. DOS BREJINHOS;8000;Sim;
1126;25/08/2025;municipio;OLIVEIRA DOS BREJINHOS;SECRETARIA DE EDUCACAO DE OLIVEIRA DOS BREJINHOS;9000;Sim;
1127;25/08/2025;municipio;OLIVEIRA DOS BREJINHOS;F. M. S. - Oliveira dos Brejinhos;9000;Sim;
1128;25/08/2025;municipio;OLIVEIRA DOS BREJINHOS;SECRETARIA DE EDUCACAO DE OLIVEIRA DOS BREJINHOS;8000;Sim;
1129;25/08/2025;municipio;LAMARÃO;MUNICIPIO DE LAMARAO;9000;Sim;
1130;25/08/2025;municipio;LAMARÃO;FUNDO MUNICIPAL DE ASSISTENCIA SOCIAL;4000;Sim;
1131;25/08/2025;municipio;LAMARÃO;SECRETARIA MUNICIPAL DE EDUCACAO, CULTURA, ESPORTE E LAZER - SMECEL;4500;Sim;
1132;25/08/2025;municipio;LAMARÃO;FUNDO MUNICIPAL DE SAUDE - FMS;4500;Sim;
1133;25/08/2025;municipio;BOTUPORÃ;MUNICIPIO DE BOTUPORA;14375;Sim;
1135;25/08/2025;municipio;BOTUPORÃ;FUNDO MUNICIPAL DE EDUCACAO-FME;10062,5;Sim;
1136;25/08/2025;municipio;BOTUPORÃ;FUNDO MUNICIPAL DE SAUDE DO MUNICIPIO DE BOTUPORA;10062,5;Sim;
1137;25/08/2025;municipio;GUARATINGA;MUNICIPIO DE GUARATINGA;10000;Sim;
1138;25/08/2025;municipio;GUARATINGA;FUNDO MUNICIPAL DE SAUDE DE GUARATINGA;7500;Sim;
1139;25/08/2025;municipio;GUARATINGA;FUNDO MUNICIPAL DE EDUCACAO - FME;7500;Sim;
1140;25/08/2025;municipio;CARDEAL DA SILVA;MUNICIPIO DE CARDEAL DA SILVA;9000;Sim;
1141;25/08/2025;municipio;CARDEAL DA SILVA;FUNDO MUNICIPAL DE SAUDE DE CARDEAL DA SILVA;4500;Sim;
1142;25/08/2025;municipio;CARDEAL DA SILVA;FUNDO MUNICIPAL DE ASSISTENCIA SOCIAL;4500;Sim;
1143;25/08/2025;municipio;CONDE;MUNICIPIO DE CONDE;20000;Sim;
1144;25/08/2025;municipio;CONDE;FUNDO MUNICIPAL DE ASSISTENCIA SOCIAL DE CONDE;5000;Sim;
1145;25/08/2025;municipio;CONDE;FUNDO MUNICIPAL DE EDUCACAO - FME;5000;Sim;
1146;25/08/2025;municipio;CONDE;FUNDO MUNICIPAL DE SAUDE DE CONDE;5000;Sim;
1147;25/08/2025;municipio;IBOTIRAMA;PREFEITURA MUNICIPAL DE IBOTIRAMA;22000;Sim;
1148;25/08/2025;municipio;IBOTIRAMA;FUNDO MUNICIPAL DE SAUDE;5000;Sim;
1149;25/08/2025;municipio;IBOTIRAMA;FUNDO MUNICIPAL DE EDUCACAO - FME;3000;Sim;
1150;25/08/2025;municipio;IBOTIRAMA;FUNDO MUNICIPAL DE ASSISTENCIA SOCIAL DE IBOTIRAMA;3000;Sim;
1151;25/08/2025;municipio;CANDEIAS;MUNICIPIO DE CANDEIAS;25500;Sim;
1152;25/08/2025;municipio;ANDORINHA;MUNICIPIO DE ANDORINHA;12050;Sim;
1153;25/08/2025;municipio;ANDORINHA;FUNDO MUNICIPAL DE ASSISTENCIA SOCIAL;6000;Sim;
1154;25/08/2025;municipio;ANDORINHA;SECRETARIA MUNICIPAL DE EDUCACAO;8000;Sim;
1155;25/08/2025;municipio;ANDORINHA;FUNDO MUNICIPAL DE SAUDE DE ANDORINHA;8000;Sim;
1156;25/08/2025;municipio;ANDORINHA;MUNICIPIO DE ANDORINHA;14000;Sim;
1157;25/08/2025;municipio;BOM JESUS DA LAPA;MUNICIPIO DE BOM JESUS DA LAPA;21000;Sim;
1158;25/08/2025;municipio;BOM JESUS DA LAPA;FUNDO MUNICIPAL DE ASSISTENCIA SOCIAL - FMAS;3000;Sim;
1159;25/08/2025;municipio;BOM JESUS DA LAPA;FUNDO MUNICIPAL DE EDUCACAO DO MUNICIPIO DE BOM JESUS DA LAPA;3000;Sim;
1160;25/08/2025;municipio;BOM JESUS DA LAPA;NOME EMPRESARIAL FUNDO MUNICIPAL DE SAUDE DE BOM JESUS DA LAPA;3000;Sim;
1161;25/08/2025;municipio;BOM JESUS DA LAPA;MUNICIPIO DE BOM JESUS DA LAPA;15000;Sim;
1162;25/08/2025;municipio;GLÓRIA;MUNICIPIO DE GLORIA;18000;Sim;
1163;25/08/2025;municipio;GLÓRIA;FUNDO MUNICIPAL DE ASSISTENCIA E BEM - ESTAR SOCIAL - FUMABES;3000;Sim;
1164;25/08/2025;municipio;GLÓRIA;SECRETARIA MUNICIPAL DE EDUCACAO DE GLORIA-BA;4000;Sim;
1165;25/08/2025;municipio;GLÓRIA;FMS-FUNDO MUNICIPAL DE SAUDE;5000;Sim;
1166;25/08/2025;municipio;ITABUNA;FUNDACAO ITABUNENSE DE CULTURA E CIDADANIA;9000;Sim;
1167;02/09/2025;municipio;SALVADOR;MARCONE AMARAL COSTA JUNIOR;9000;Sim;
1168;02/09/2025;municipio;BARROCAS;MUNICIPIO DE BARROCAS;10500;Sim;
1169;04/09/2025;camara;RAFAEL JAMBEIRO;RAFAEL JAMBEIRO CAMARA MUNICIPAL;10000;Sim;
1170;04/09/2025;camara;RAFAEL JAMBEIRO;RAFAEL JAMBEIRO CAMARA MUNICIPAL;5000;Sim;
1171;04/09/2025;camara;RAFAEL JAMBEIRO;RAFAEL JAMBEIRO CAMARA MUNICIPAL;5000;Sim;
1172;12/09/2025;municipio;SÃO MIGUEL DAS MATAS;MUNICIPIO DE SAO MIGUEL DAS MATAS;7667;Sim;
1173;15/09/2025;municipio;SALVADOR;INSTITUTO DE SAUDE PUBLICA INTEGRADA - INSPI;6000;Sim;
1174;16/09/2025;camara;OLIVEIRA DOS BREJINHOS;CÂMARA MUNICIPAL DE OLIVEIRA DOS BREJINHOS;13000;Sim;
1175;16/09/2025;camara;OLIVEIRA DOS BREJINHOS;CÂMARA MUNICIPAL DE OLIVEIRA DOS BREJINHOS;4000;Sim;
1176;16/09/2025;camara;OLIVEIRA DOS BREJINHOS;CÂMARA MUNICIPAL DE OLIVEIRA DOS BREJINHOS;4700;Sim;
1177;16/09/2025;camara;SÁTIRO DIAS;CAMARA MUNICIPAL DE SATIRO DIAS;15000;Sim;
1178;16/09/2025;camara;SÁTIRO DIAS;CAMARA MUNICIPAL DE SATIRO DIAS;7000;Sim;
1179;16/09/2025;camara;SÁTIRO DIAS;CAMARA MUNICIPAL DE SATIRO DIAS;8000;Sim;
1180;16/09/2025;camara;CAMPO ALEGRE DE LOURDES;CAMARA MUNICIPAL DE CAMPO ALEGRE DE LOURDES;9000;Sim;
1181;16/09/2025;camara;CAMPO ALEGRE DE LOURDES;CAMARA MUNICIPAL DE CAMPO ALEGRE DE LOURDES;7500;Sim;
1182;16/09/2025;camara;CAMPO ALEGRE DE LOURDES;CAMARA MUNICIPAL DE CAMPO ALEGRE DE LOURDES;6000;Sim;
1183;16/09/2025;camara;CAMAMU;CAMAMU CAMARA DE VEREADORES;8750;Sim;
1184;16/09/2025;camara;NORDESTINA;CAMARA DE VEREADOREA DE NORDESTINA;13000;Sim;
1185;16/09/2025;camara;NORDESTINA;CAMARA DE VEREADOREA DE NORDESTINA;8500;Sim;
1186;16/09/2025;camara;NORDESTINA;CAMARA DE VEREADOREA DE NORDESTINA;5455;Sim;
1187;16/09/2025;camara;NORDESTINA;CAMARA DE VEREADOREA DE NORDESTINA;5640;Sim;
1188;16/09/2025;camara;NORDESTINA;CAMARA DE VEREADOREA DE NORDESTINA;5760;Sim;
1189;16/09/2025;camara;APORÁ;CAMARA MUNICIPAL DE APORA;15000;Sim;
1190;16/09/2025;camara;APORÁ;CAMARA MUNICIPAL DE APORA;7000;Sim;
1191;16/09/2025;camara;APORÁ;CAMARA MUNICIPAL DE APORA;4500;Sim;
1192;16/09/2025;camara;APORÁ;CAMARA MUNICIPAL DE APORA;4500;Sim;
1193;16/09/2025;camara;SANTA BÁRBARA;CAMARA MUNICIPAL DE VEREADORES DE SANTA BARBARA B;9000;Sim;
1194;16/09/2025;camara;SANTA BÁRBARA;CAMARA MUNICIPAL DE VEREADORES DE SANTA BARBARA B;4500;Sim;
1195;16/09/2025;camara;SANTA BÁRBARA;CAMARA MUNICIPAL DE VEREADORES DE SANTA BARBARA B;4800;Sim;
1196;16/09/2025;camara;QUIJINGUE;CAMARA MUNICIPAL DE QUIJINGUE;9000;Sim;
1197;16/09/2025;camara;QUIJINGUE;CAMARA MUNICIPAL DE QUIJINGUE;4000;Sim;
1198;16/09/2025;camara;QUIJINGUE;CAMARA MUNICIPAL DE QUIJINGUE;3500;Sim;
1199;16/09/2025;camara;MUQUÉM DE SÃO FRANCISCO;CAMARA MUNICIPAL DE MUQUEM DO SAO FRANCISCO;10000;Sim;
1200;16/09/2025;camara;MUQUÉM DE SÃO FRANCISCO;CAMARA MUNICIPAL DE MUQUEM DO SAO FRANCISCO;4500;Sim;
1201;16/09/2025;camara;MUQUÉM DE SÃO FRANCISCO;CAMARA MUNICIPAL DE MUQUEM DO SAO FRANCISCO;2500;Sim;
1202;16/09/2025;camara;GLÓRIA;CAMARA MUNICIPAL DE GLORIA;10600;Sim;
1203;16/09/2025;camara;GLÓRIA;CAMARA MUNICIPAL DE GLORIA;6000;Sim;
1204;16/09/2025;camara;RAFAEL JAMBEIRO;RAFAEL JAMBEIRO CAMARA MUNICIPAL;10000;Sim;
1205;16/09/2025;camara;RAFAEL JAMBEIRO;RAFAEL JAMBEIRO CAMARA MUNICIPAL;5000;Sim;
1206;16/09/2025;camara;RAFAEL JAMBEIRO;RAFAEL JAMBEIRO CAMARA MUNICIPAL;5000;Sim;
1207;16/09/2025;camara;VALENÇA;VALENCA-CAMARA MUNICIPAL DE VEREADORES;15000;Sim;
1208;16/09/2025;municipio;SALVADOR;INSTITUTO DE SAUDE PUBLICA INTEGRADA - INSPI;6000;Sim;
1209;16/09/2025;municipio;SALVADOR;INSTITUTO DE SAUDE PUBLICA INTEGRADA - INSPI;6000;Sim;
1210;22/09/2025;municipio;PAULO AFONSO;CONSORCIO PUBLICO INTERFEDERATIVO DE SAUDE DA REGIAO DE PAULO AFONSO;10000;Sim;
1211;25/09/2025;municipio;JIQUIRIÇÁ;FUNDO MUNICIPAL DE EDUCACAO - FMED;910,2;;
1212;25/09/2025;municipio;JIQUIRIÇÁ;FUNDO MUNICIPAL DE SAUDE DE JIQUIRICA;910,2;;
1213;25/09/2025;municipio;IGRAPIÚNA;MUNICIPI DE IGRAPIUNA;8920;Sim;
1214;25/09/2025;municipio;CONCEIÇÃO DA FEIRA;MUNICIPIO DE CONCEICAO DA FEIRA;6500;;
1215;25/09/2025;municipio;CONCEIÇÃO DA FEIRA;MUNICIPIO DE CONCEICAO DA FEIRA;6500;;
1216;26/09/2025;municipio;IBIRATAIA;MUNICIPIO DE IBIRATAIA;20000;Sim;
1217;26/09/2025;municipio;WENCESLAU GUIMARÃES;MUNICIPIO DE WENCESLAU GUIMARAES;18000;Sim;
1218;26/09/2025;municipio;WENCESLAU GUIMARÃES;FUNDO MUNICIPAL DE ASSISTENCIA SOCIAL;4000;Sim;
1219;26/09/2025;municipio;WENCESLAU GUIMARÃES;FUNDO MUNICIPAL DE EDUCACAO - FME DO MUNICIPIO DE WENCESLAU GUIMARAES;4000;Sim;
1220;26/09/2025;municipio;WENCESLAU GUIMARÃES;FUNDO MUNICIPAL DE SAUDE FMS;6500;Sim;
1221;26/09/2025;municipio;WENCESLAU GUIMARÃES;MUNICIPIO DE WENCESLAU GUIMARAES;5000;Sim;
1222;26/09/2025;municipio;WENCESLAU GUIMARÃES;MUNICIPIO DE WENCESLAU GUIMARAES;10000;Sim;
1223;26/09/2025;municipio;IGRAPIÚNA;MUNICIPI DE IGRAPIUNA;7000;Sim;
1224;26/09/2025;municipio;IGRAPIÚNA;FUNDO MUNICIPAL DE ASSISTENCIA SOCIAL;4000;Sim;
1225;26/09/2025;municipio;IGRAPIÚNA;FUNDO MUNICIPAL DE EDUCACAO DE IGRAPIUNA;6000;Sim;
1226;26/09/2025;municipio;IGRAPIÚNA;FUNDO MUNICIPAL DE SAUDE;6000;Sim;
1227;26/09/2025;municipio;BOA VISTA DO TUPIM;MUNICIPIO DE BOA VISTA DO TUPIM;6500;Sim;
1228;26/09/2025;municipio;BOM JESUS DA LAPA;FUNDO MUNICIPAL DE ASSISTENCIA SOCIAL FMAS;4000;Sim;
1229;26/09/2025;municipio;BOA VISTA DO TUPIM;MUNICIPIO DE BOA VISTA DO TUPIM;4000;Sim;
1230;26/09/2025;municipio;BOA VISTA DO TUPIM;FUNDO MUNICIPAL DE SAUDE FUNSAUDE;4000;Sim;
1231;26/09/2025;municipio;BOA VISTA DO TUPIM;MUNICIPIO DE BOA VISTA DO TUPIM;4000;Sim;
1232;26/09/2025;municipio;BOA VISTA DO TUPIM;MUNICIPIO DE BOA VISTA DO TUPIM;14995;Sim;
1233;29/09/2025;municipio;BARROCAS;MUNICIPIO DE BARROCAS;9000;Sim;
1234;29/09/2025;municipio;BARROCAS;FUNDO MUNICIPAL DE ASSISTENCIA SOCIAL - FMAS;4000;Sim;
1235;29/09/2025;municipio;BARROCAS;MUNICIPIO DE BARROCAS;4000;Sim;
1236;29/09/2025;municipio;BARROCAS;FUNDO MUNICIPAL DE SAUDE;4000;Sim;
1237;29/09/2025;municipio;BARROCAS;MUNICIPIO DE BARROCAS;4500;Sim;
1238;29/09/2025;municipio;IBIRAPITANGA;MUNICIPIO DE IBIRAPITANGA;15500;Sim;
1239;29/09/2025;municipio;BARROCAS;MUNICIPIO DE BARROCAS;4500;Sim;
1240;29/09/2025;municipio;IBIRAPITANGA;FUNDO MUNICIPAL DE EDUCACIONAL - FME;5000;Sim;
1241;29/09/2025;municipio;IBIRAPITANGA;FUNDO MUNICIPAL DE SAUDE IBIRAPITANGA;5000;Sim;
1242;29/09/2025;municipio;SOUTO SOARES;MUNICIPIO DE SOUTO SOARES;6000;Sim;
1243;29/09/2025;municipio;SOUTO SOARES;FUNDO MUNICIPAL DE EDUCACAO DE SOUTO SOARES;4000;Sim;
1244;29/09/2025;municipio;SOUTO SOARES;FUNDO MUNICIPAL DE ASSISTENCIA SOCIAL DE SOUTO SOARES;4000;Sim;
1245;29/09/2025;municipio;SOUTO SOARES;FUNDO MUNICIPAL DE SAUDE DE SOUTO SOARES;4000;Sim;
1246;29/09/2025;municipio;ANDORINHA;MUNICIPIO DE ANDORINHA;12050;Sim;
1247;29/09/2025;municipio;ANDORINHA;FUNDO MUNICIPAL DE ASSISTENCIA SOCIAL;6000;Sim;
1248;29/09/2025;municipio;ANDORINHA;SECRETARIA MUNICIPAL DE EDUCACAO;8000;Sim;
1249;29/09/2025;municipio;ANDORINHA;FUNDO MUNICIPAL DE SAUDE DE ANDORINHA;8000;Sim;
1250;29/09/2025;municipio;ANDORINHA;MUNICIPIO DE ANDORINHA;14000;Sim;
1251;29/09/2025;municipio;PEDRO ALEXANDRE;MUNICIPIO DE PEDRO ALEXANDRE;18000;Sim;
1252;29/09/2025;municipio;PEDRO ALEXANDRE;FUNDO MUNICIPAL DE SAUDE;7000;Sim;
1253;29/09/2025;municipio;QUIJINGUE;MUNICIPIO DE QUIJINGUE;13000;Sim;
1254;29/09/2025;municipio;QUIJINGUE;FUNDO MUNICIPAL DE ASSISTENCIA SOCIAL;5000;Sim;
1255;29/09/2025;municipio;QUIJINGUE;SECRETARIA MUNICIPAL DA EDUCACAO;6000;Sim;
1256;29/09/2025;municipio;QUIJINGUE;FUNDO MUNICIPAL DE SAUDE DE QUIJINGUE;6000;Sim;
1257;29/09/2025;municipio;ITUBERÁ;MUNICIPIO DE ITUBERA;17500;Sim;
1258;29/09/2025;municipio;ITUBERÁ;FUNDO MUNICIPAL DE ASSISTENCIA SOCIA;4500;Sim;
1259;29/09/2025;municipio;ITUBERÁ;FUNDO MUNICIPAL DE EDUCACAO - FME;4500;Sim;
1260;29/09/2025;municipio;ITUBERÁ;FUNDO MUNICIPAL DE SAUDE DE ITUBERA;4500;Sim;
1261;29/09/2025;municipio;SÃO FELIPE;MUNICIPIO DE SAO FELIPE;12000;Sim;
1262;29/09/2025;municipio;SÃO FELIPE;FUNDO MUNICIPAL DE ACAO SOCIAL;3000;Sim;
1263;29/09/2025;municipio;SÃO FELIPE;SECRETARIA MUNICIPAL DE EDUCACAO DE SAO FELIPE;4000;Sim;
1264;29/09/2025;municipio;SÃO FELIPE;FUNDO MUNICIPAL DE SAUDE;6000;Sim;
1265;29/09/2025;municipio;SÃO FELIPE;MUNICIPIO DE SAO FELIPE;10000;Sim;
1266;29/09/2025;municipio;BOA VISTA DO TUPIM;MUNICIPIO DE BOA VISTA DO TUPIM;4500;Sim;
1267;29/09/2025;municipio;BARRA DO ROCHA;MUNICIPIO DE BARRA DO ROCHA;10000;Sim;
1268;29/09/2025;municipio;BARRA DO ROCHA;SECRETARIA MUNICIPAL DE EDUCACAO, CULTURA, ESPORTES E LAZER;4600;Sim;
1269;29/09/2025;municipio;BARRA DO ROCHA;FUNDO MUNICIPAL DE SAUDE DE BARRA DO ROCHA-BA;4400;Sim;
1270;29/09/2025;municipio;BURITIRAMA;MUNICIPIO DE BURITIRAMA;14000;Sim;
1271;29/09/2025;municipio;BURITIRAMA;SECRETARIA MUNICIPAL DE EDUCACAO;9000;Sim;
1272;29/09/2025;municipio;BURITIRAMA;FUNDO MUNICIPAL DE SAUDE DE BURITIRAMA;9000;Sim;
1273;29/09/2025;municipio;BURITIRAMA;MUNICIPIO DE BURITIRAMA;8100;Sim;
1274;29/09/2025;municipio;JAGUARIPE;MUNICIPIO DE JAGUARIPE;13000;Sim;
1275;29/09/2025;municipio;JAGUARIPE;FUNDO MUNICIPAL DE ASSISTENCIA SOCIAL - FMAS DE JAGUARIPE;3000;Sim;
1276;29/09/2025;municipio;JAGUARIPE;SECRETARIA MUNICIPAL DE EDUCACAO DE JAGUARIPE;7000;Sim;
1277;29/09/2025;municipio;JAGUARIPE;FUNDO MUNICIPAL DE SAUDE;7000;Sim;
1278;29/09/2025;municipio;JAGUARIPE;FUNDO MUNICIPAL DE SAUDE;4000;Sim;
1279;29/09/2025;municipio;JAGUARIPE;FUNDO MUNICIPAL DE SAUDE;6000;Sim;
1280;29/09/2025;municipio;JAGUARIPE;MUNICIPIO DE JAGUARIPE;4000;Sim;
1281;29/09/2025;municipio;JAGUARIPE;MUNICIPIO DE JAGUARIPE;6000;Sim;
1282;29/09/2025;municipio;SEABRA;MUNICIPIO DE SEABRA;15000;Sim;
1283;29/09/2025;municipio;SEABRA;FUNDO MUNICIPAL DE ASSISTENCIA SOCIAL DE SEABRA;5000;Sim;
1284;29/09/2025;municipio;SEABRA;FUNDO MUNICIPAL DE EDUCACAO - FME;5000;Sim;
1285;29/09/2025;municipio;SEABRA;FUNDO MUNICIPAL DE SAUDE;5000;Sim;
1286;29/09/2025;municipio;SEABRA;MUNICIPIO DE SEABRA;9600;Sim;
1287;29/09/2025;municipio;SANTO ESTÊVÃO;MUNICIPIO DE SANTO ESTEVAO;15000;Sim;
1288;29/09/2025;municipio;SANTO ESTÊVÃO;SECRETARIA DA EDUCACAO;5000;Sim;
1289;29/09/2025;municipio;SANTO ESTÊVÃO;SECRETARIA DA EDUCACAO;5000;Sim;
1290;29/09/2025;municipio;SANTO ESTÊVÃO;FUNDO MUNICIPAL DE SAUDE DE SANTO ESTEVAO;5000;Sim;
1291;29/09/2025;municipio;MUQUÉM DE SÃO FRANCISCO;MUNICIPIO DE MUQUEM DO SAO FRANCISCO;16000;Sim;
1292;29/09/2025;municipio;MUQUÉM DE SÃO FRANCISCO;FUNDO MUNICIPAL DE ASSISTENCIA SOCIAL;2000;Sim;
1293;29/09/2025;municipio;MUQUÉM DE SÃO FRANCISCO;SECRETARIA MUNICIPAL DA EDUCACAO SEMED;4000;Sim;
1294;29/09/2025;municipio;MUQUÉM DE SÃO FRANCISCO;FUNDO MUNICIPAL DE SAUDE;5000;Sim;
1295;29/09/2025;municipio;MUQUÉM DE SÃO FRANCISCO;MUNICIPIO DE MUQUEM DO SAO FRANCISCO;4500;Sim;
1297;29/09/2025;municipio;MUQUÉM DE SÃO FRANCISCO;MUNICIPIO DE MUQUEM DO SAO FRANCISCO;20000;Sim;
1298;30/09/2025;municipio;ITAJU DO COLÔNIA;MUNICIPIO DE ITAJU DO COLONIA;9000;Sim;
1299;30/09/2025;municipio;ITAJU DO COLÔNIA;FUNDO MUNICIPAL DE ASSISTENCIA SOCIAL;4000;Sim;
1300;30/09/2025;municipio;ITAJU DO COLÔNIA;FUNDO MUNICIPAL DE EDUCACAO DE ITAJU DO COLONIA;4500;Sim;
1301;30/09/2025;municipio;ITAJU DO COLÔNIA;FUNDO MUNICIPAL DE SAUDE ITAJU DO COLONIA;4500;Sim;
1302;30/09/2025;municipio;OLIVEIRA DOS BREJINHOS;PREFEITURA MUNICIPAL DE OLIVEIRA DOS BREJINHOS;12000;Sim;
1303;30/09/2025;municipio;OLIVEIRA DOS BREJINHOS;FUNDO MUNIC. DE ASS. SOCIAL - OLIV. DOS BREJINHOS;8000;Sim;
1304;30/09/2025;municipio;OLIVEIRA DOS BREJINHOS;SECRETARIA DE EDUCACAO DE OLIVEIRA DOS BREJINHOS;9000;Sim;
1305;30/09/2025;municipio;OLIVEIRA DOS BREJINHOS;SECRETARIA MUNICIPAL DE SAUDE - CNES 3238334;9000;Sim;
1306;30/09/2025;municipio;OLIVEIRA DOS BREJINHOS;SECRETARIA DE EDUCACAO DE OLIVEIRA DOS BREJINHOS;8000;Sim;
1307;30/09/2025;municipio;SANTA BÁRBARA;MUNICIPIO DE SANTA BARBARA;15000;Sim;
1308;30/09/2025;municipio;SANTA BÁRBARA;FUNDO MUNICIPAL DE ASSISTENCIA SOCIAL - FMAS;4500;Sim;
1309;30/09/2025;municipio;SANTA BÁRBARA;SECRETARIA MUNICIPAL DE EDUCACAO DE SANTA BARBARA;6500;Sim;
1310;30/09/2025;municipio;OLIVEIRA DOS BREJINHOS;UMSAUDE - FUNDO MUNICIPAL DE SAUDE DE SANTA BARBARA;6500;Sim;
1311;30/09/2025;municipio;LAMARÃO;MUNICIPIO DE LAMARAO;9000;Sim;
1312;30/09/2025;municipio;LAMARÃO;FUNDO MUNICIPAL DE ASSISTENCIA SOCIAL;4000;Sim;
1313;30/09/2025;municipio;LAMARÃO;SECRETARIA MUNICIPAL DE EDUCACAO, CULTURA, ESPORTE E LAZER - SMECEL;4500;Sim;
1314;30/09/2025;municipio;LAMARÃO;FUNDO MUNICIPAL DE SAUDE - FMS;4500;Sim;
1315;30/09/2025;municipio;BOTUPORÃ;MUNICIPIO DE BOTUPORA;14375;Sim;
1316;30/09/2025;municipio;BOTUPORÃ;FUNDO MUNICIPAL DE EDUCACAO-FME;10062,5;Sim;
1317;30/09/2025;municipio;BOTUPORÃ;FUNDO MUNICIPAL DE SAUDE DO MUNICIPIO DE BOTUPORA;10062,5;Sim;
1318;30/09/2025;municipio;SÃO MIGUEL DAS MATAS;MUNICIPIO DE SAO MIGUEL DAS MATAS;20625;Sim;
1319;30/09/2025;municipio;SÃO MIGUEL DAS MATAS;MUNICIPIO DE SAO MIGUEL DAS MATAS;7667;Sim;
1320;30/09/2025;municipio;GUARATINGA;MUNICIPIO DE GUARATINGA;10000;Sim;
1321;30/09/2025;municipio;GUARATINGA;FUNDO MUNICIPAL DE EDUCACAO - FME;7500;Sim;
1322;30/09/2025;municipio;GUARATINGA;FUNDO MUNICIPAL DE SAUDE DE GUARATINGA;7500;Sim;
1323;30/09/2025;municipio;CARDEAL DA SILVA;MUNICIPIO DE CARDEAL DA SILVA;9000;Sim;
1324;30/09/2025;municipio;CARDEAL DA SILVA;FUNDO MUNICIPAL DE ASSISTENCIA SOCIAL;4500;Sim;
1325;30/09/2025;municipio;CARDEAL DA SILVA;FUNDO MUNICIPAL DE SAUDE DE CARDEAL DA SILVA;4500;Sim;
1326;30/09/2025;municipio;CARDEAL DA SILVA;FUNDO MUNICIPAL DE SAUDE DE CARDEAL DA SILVA;4500;Sim;
1327;30/09/2025;municipio;CAMPO ALEGRE DE LOURDES;MUNICIPIO DE CAMPO ALEGRE DE LOURDES;12000;Sim;
1328;30/09/2025;municipio;CAMPO ALEGRE DE LOURDES;FUNDO MUNICIPAL DE ASSISTENCIA SOCIAL;6000;Não;
1329;30/09/2025;municipio;CAMPO ALEGRE DE LOURDES;FUNDO MUNICIPAL DE EDUCACAO DE CAMPO ALEGRE DE LOURDES;7000;Sim;
1330;30/09/2025;municipio;CAMPO ALEGRE DE LOURDES;NOME EMPRESARIAL FUNDO MUNICIPAL DE SAUDE CAMPO ALEGRE DE LOURDES;7000;Não;
1332;30/09/2025;municipio;CONDE;MUNICIPIO DE CONDE;20000;Sim;
1333;30/09/2025;municipio;CONDE;FUNDO MUNICIPAL DE ASSISTENCIA SOCIAL DE CONDE;5000;Sim;
1334;30/09/2025;municipio;CONDE;FUNDO MUNICIPAL DE EDUCACAO - FME;5000;Sim;
1335;30/09/2025;municipio;CONDE;FUNDO MUNICIPAL DE SAUDE DE CONDE;5000;Sim;
1336;30/09/2025;municipio;IBOTIRAMA;PREFEITURA MUNICIPAL DE IBOTIRAMA;22000;Sim;
1337;30/09/2025;municipio;OLIVEIRA DOS BREJINHOS;FUNDO MUNICIPAL DE ASSISTENCIA SOCIAL DE IBOTIRAMA;3000;Sim;
1338;30/09/2025;municipio;IBOTIRAMA;FUNDO MUNICIPAL DE EDUCACAO - FME;3000;Sim;
1339;30/09/2025;municipio;MUQUÉM DE SÃO FRANCISCO;SECRETARIA MUNICIPAL DA EDUCACAO SEMED;4500;Sim;
1340;30/09/2025;municipio;IBOTIRAMA;FUNDO MUNICIPAL DE SAUDE;5000;Sim;
1341;30/09/2025;municipio;CANDEIAS;MUNICIPIO DE CANDEIAS;25000;Sim;
1342;30/09/2025;municipio;BOM JESUS DA LAPA;MUNICIPIO DE BOM JESUS DA LAPA;21000;Sim;
1343;01/10/2025;municipio;BOM JESUS DA LAPA;FUNDO MUNICIPAL DE ASSISTENCIA SOCIAL - FMAS;3000;Sim;
1344;01/10/2025;municipio;BOM JESUS DA LAPA;FUNDO MUNICIPAL DE EDUCACAO DO MUNICIPIO DE BOM JESUS DA LAPA;3000;Sim;
1345;01/10/2025;municipio;BOM JESUS DA LAPA;NOME EMPRESARIAL FUNDO MUNICIPAL DE SAUDE DE BOM JESUS DA LAPA;3000;Sim;
1346;01/10/2025;municipio;OLIVEIRA DOS BREJINHOS;MUNICIPIO DE BOM JESUS DA LAPA;15000;Sim;
1347;01/10/2025;municipio;GLÓRIA;MUNICIPIO DE GLORIA;18000;Sim;
1348;01/10/2025;municipio;GLÓRIA;FUNDO MUNICIPAL DE ASSISTENCIA E BEM - ESTAR SOCIAL - FUMABES;3000;Sim;
1349;01/10/2025;municipio;GLÓRIA;SECRETARIA MUNICIPAL DE EDUCACAO DE GLORIA-BA;4000;Sim;
1350;01/10/2025;municipio;GLÓRIA;FMS-FUNDO MUNICIPAL DE SAUDE;5000;Sim;
1351;01/10/2025;municipio;ITABUNA;FUNDACAO ITABUNENSE DE CULTURA E CIDADANIA;9000;Sim;
1352;06/10/2025;municipio;SALVADOR;MARCONE AMARAL COSTA JUNIOR;9000;Sim;
1353;06/10/2025;camara;CAMPO ALEGRE DE LOURDES;CAMARA MUNICIPAL DE CAMPO ALEGRE DE LOURDES;9000;Sim;
1354;06/10/2025;municipio;SALVADOR;INSTITUTO DE SAUDE PUBLICA INTEGRADA - INSPI;6000;Sim;
1355;14/10/2025;camara;NORDESTINA;CAMARA DE VEREADOREA DE NORDESTINA;13000;Sim;
1356;14/10/2025;camara;NORDESTINA;CAMARA DE VEREADOREA DE NORDESTINA;8500;Sim;
1357;14/10/2025;camara;NORDESTINA;CAMARA DE VEREADOREA DE NORDESTINA;5455;Sim;
1358;14/10/2025;camara;NORDESTINA;CAMARA DE VEREADOREA DE NORDESTINA;5640;Sim;
1359;14/10/2025;camara;NORDESTINA;CAMARA DE VEREADOREA DE NORDESTINA;5760;Sim;
1360;15/10/2025;municipio;BOA VISTA DO TUPIM;MUNICIPIO DE BOA VISTA DO TUPIM;14995;Sim;
1361;15/10/2025;municipio;PAULO AFONSO;CONSORCIO PUBLICO INTERFEDERATIVO DE SAUDE DA REGIAO DE PAULO AFONSO;10000;Sim;
1362;15/10/2025;municipio;BARRA DO ROCHA;MUNICIPIO DE BARRA DO ROCHA;19000;Não;
1363;16/10/2025;camara;OLIVEIRA DOS BREJINHOS;CÂMARA MUNICIPAL DE OLIVEIRA DOS BREJINHOS;13000;Sim;
1364;16/10/2025;camara;OLIVEIRA DOS BREJINHOS;CÂMARA MUNICIPAL DE OLIVEIRA DOS BREJINHOS;4700;Sim;
1365;16/10/2025;camara;OLIVEIRA DOS BREJINHOS;CÂMARA MUNICIPAL DE OLIVEIRA DOS BREJINHOS;4000;Sim;
1366;16/10/2025;camara;SÁTIRO DIAS;CAMARA MUNICIPAL DE SATIRO DIAS;15000;Sim;
1367;16/10/2025;camara;SÁTIRO DIAS;CAMARA MUNICIPAL DE SATIRO DIAS;8000;Sim;
1368;16/10/2025;camara;SÁTIRO DIAS;CAMARA MUNICIPAL DE SATIRO DIAS;7000;Sim;
1369;16/10/2025;camara;CAMPO ALEGRE DE LOURDES;CAMARA MUNICIPAL DE CAMPO ALEGRE DE LOURDES;9000;Sim;
1370;16/10/2025;camara;CAMPO ALEGRE DE LOURDES;CAMARA MUNICIPAL DE CAMPO ALEGRE DE LOURDES;7500;Sim;
1371;16/10/2025;camara;CAMPO ALEGRE DE LOURDES;CAMARA MUNICIPAL DE CAMPO ALEGRE DE LOURDES;6000;Sim;
1372;16/10/2025;camara;CAMAMU;CAMAMU CAMARA DE VEREADORES;8750;Sim;
1373;16/10/2025;camara;APORÁ;CAMARA MUNICIPAL DE APORA;15000;Sim;
1374;16/10/2025;camara;APORÁ;CAMARA MUNICIPAL DE APORA;7000;Sim;
1375;16/10/2025;camara;APORÁ;CAMARA MUNICIPAL DE APORA;4500;Sim;
1376;16/10/2025;camara;APORÁ;CAMARA MUNICIPAL DE APORA;4500;Sim;
1377;16/10/2025;camara;SANTA BÁRBARA;CAMARA MUNICIPAL DE VEREADORES DE SANTA BARBARA B;9000;Sim;
1378;16/10/2025;camara;SANTA BÁRBARA;CAMARA MUNICIPAL DE VEREADORES DE SANTA BARBARA B;4500;Sim;
1379;16/10/2025;camara;SANTA BÁRBARA;CAMARA MUNICIPAL DE VEREADORES DE SANTA BARBARA B;4800;Sim;
1380;16/10/2025;camara;QUIJINGUE;CAMARA MUNICIPAL DE QUIJINGUE;9000;Sim;
1381;16/10/2025;camara;QUIJINGUE;CAMARA MUNICIPAL DE QUIJINGUE;4000;Sim;
1382;16/10/2025;camara;QUIJINGUE;CAMARA MUNICIPAL DE QUIJINGUE;3500;Sim;
1383;16/10/2025;camara;MUQUÉM DE SÃO FRANCISCO;CAMARA MUNICIPAL DE MUQUEM DO SAO FRANCISCO;10000;Sim;
1384;16/10/2025;camara;MUQUÉM DE SÃO FRANCISCO;CAMARA MUNICIPAL DE MUQUEM DO SAO FRANCISCO;4500;Sim;
1385;16/10/2025;camara;MUQUÉM DE SÃO FRANCISCO;CAMARA MUNICIPAL DE MUQUEM DO SAO FRANCISCO;2500;Sim;
1386;16/10/2025;camara;GLÓRIA;CAMARA MUNICIPAL DE GLORIA;10600;Sim;
1387;16/10/2025;camara;GLÓRIA;CAMARA MUNICIPAL DE GLORIA;6000;Sim;
1388;16/10/2025;camara;RAFAEL JAMBEIRO;RAFAEL JAMBEIRO CAMARA MUNICIPAL;10000;Sim;
1389;16/10/2025;camara;RAFAEL JAMBEIRO;RAFAEL JAMBEIRO CAMARA MUNICIPAL;5000;Sim;
1390;16/10/2025;camara;RAFAEL JAMBEIRO;RAFAEL JAMBEIRO CAMARA MUNICIPAL;5000;Sim;
1391;16/10/2025;camara;VALENÇA;VALENCA-CAMARA MUNICIPAL DE VEREADORES;15000;Sim;
1392;16/10/2025;camara;CAMPO ALEGRE DE LOURDES;CAMARA MUNICIPAL DE CAMPO ALEGRE DE LOURDES;9000;Sim;
1393;20/10/2025;municipio;CANDEIAS;MUNICIPIO DE CANDEIAS;25500;Sim;
1394;20/10/2025;municipio;CANDEIAS;MUNICIPIO DE CANDEIAS;25500;;
1395;22/10/2025;municipio;IBIRATAIA;MUNICIPIO DE IBIRATAIA;20000;Sim;
1396;23/10/2025;municipio;PEDRO ALEXANDRE;MUNICIPIO DE PEDRO ALEXANDRE;10000;Sim;
1397;24/10/2025;municipio;JIQUIRIÇÁ;FUNDO MUNICIPAL DE EDUCACAO - FMED;910,2;;
1398;24/10/2025;municipio;JIQUIRIÇÁ;FUNDO MUNICIPAL DE SAUDE DE JIQUIRICA;910,2;;
1399;24/10/2025;municipio;ANDORINHA;MUNICIPIO DE ANDORINHA;12050;Sim;
1400;24/10/2025;municipio;ANDORINHA;FUNDO MUNICIPAL DE ASSISTENCIA SOCIAL;6000;Sim;
1401;24/10/2025;municipio;ANDORINHA;SECRETARIA MUNICIPAL DE EDUCACAO;8000;Sim;
1402;24/10/2025;municipio;ANDORINHA;FUNDO MUNICIPAL DE SAUDE DE ANDORINHA;8000;Sim;
1403;24/10/2025;municipio;ANDORINHA;MUNICIPIO DE ANDORINHA;14000;Sim;
1404;24/10/2025;municipio;BOA VISTA DO TUPIM;MUNICIPIO DE BOA VISTA DO TUPIM;4000;Sim;
1405;24/10/2025;municipio;BOA VISTA DO TUPIM;MUNICIPIO DE BOA VISTA DO TUPIM;6500;Sim;
1406;24/10/2025;municipio;BOM JESUS DA LAPA;FUNDO MUNICIPAL DE ASSISTENCIA SOCIAL FMAS;4000;Sim;
1407;24/10/2025;municipio;BOA VISTA DO TUPIM;MUNICIPIO DE BOA VISTA DO TUPIM;4000;Sim;
1408;24/10/2025;municipio;BOA VISTA DO TUPIM;FUNDO MUNICIPAL DE SAUDE FUNSAUDE;4000;Sim;
1409;24/10/2025;municipio;BOA VISTA DO TUPIM;MUNICIPIO DE BOA VISTA DO TUPIM;4500;Sim;
1410;24/10/2025;municipio;BURITIRAMA;MUNICIPIO DE BURITIRAMA;14000;Sim;
1411;24/10/2025;municipio;BURITIRAMA;SECRETARIA MUNICIPAL DE EDUCACAO;9000;Sim;
1412;24/10/2025;municipio;BURITIRAMA;FUNDO MUNICIPAL DE SAUDE DE BURITIRAMA;9000;Sim;
1413;24/10/2025;municipio;BURITIRAMA;MUNICIPIO DE BURITIRAMA;8100;Sim;
1414;24/10/2025;municipio;IBIRAPITANGA;MUNICIPIO DE IBIRAPITANGA;15500;Sim;
1415;24/10/2025;municipio;IBIRAPITANGA;FUNDO MUNICIPAL DE EDUCACIONAL - FME;5000;Sim;
1416;24/10/2025;municipio;IBIRAPITANGA;FUNDO MUNICIPAL DE SAUDE IBIRAPITANGA;5000;Sim;
1417;24/10/2025;municipio;IGRAPIÚNA;MUNICIPI DE IGRAPIUNA;7000;Sim;
1418;24/10/2025;municipio;IGRAPIÚNA;FUNDO MUNICIPAL DE SAUDE;6000;Sim;
1419;24/10/2025;municipio;IGRAPIÚNA;FUNDO MUNICIPAL DE EDUCACAO DE IGRAPIUNA;6000;Sim;
1420;24/10/2025;municipio;IGRAPIÚNA;FUNDO MUNICIPAL DE ASSISTENCIA SOCIAL;4000;Sim;
1421;24/10/2025;municipio;PEDRO ALEXANDRE;MUNICIPIO DE PEDRO ALEXANDRE;18000;Sim;
1422;24/10/2025;municipio;PEDRO ALEXANDRE;FUNDO MUNICIPAL DE SAUDE;7000;Sim;
1423;24/10/2025;municipio;CONCEIÇÃO DA FEIRA;MUNICIPIO DE CONCEICAO DA FEIRA;6500;;
1424;24/10/2025;municipio;SOUTO SOARES;MUNICIPIO DE SOUTO SOARES;6000;Sim;
1425;24/10/2025;municipio;SOUTO SOARES;FUNDO MUNICIPAL DE SAUDE DE SOUTO SOARES;4000;Sim;
1426;24/10/2025;municipio;SOUTO SOARES;FUNDO MUNICIPAL DE EDUCACAO DE SOUTO SOARES;4000;Sim;
1427;24/10/2025;municipio;SOUTO SOARES;FUNDO MUNICIPAL DE ASSISTENCIA SOCIAL DE SOUTO SOARES;4000;Sim;
1428;24/10/2025;municipio;BARROCAS;MUNICIPIO DE BARROCAS;9000;Sim;
1429;24/10/2025;municipio;BARROCAS;FUNDO MUNICIPAL DE ASSISTENCIA SOCIAL - FMAS;4000;Sim;
1430;24/10/2025;municipio;BARROCAS;MUNICIPIO DE BARROCAS;4000;Sim;
1431;24/10/2025;municipio;BARROCAS;FUNDO MUNICIPAL DE SAUDE;4000;Sim;
1432;24/10/2025;municipio;BARROCAS;MUNICIPIO DE BARROCAS;4500;Sim;
1433;24/10/2025;municipio;BARROCAS;MUNICIPIO DE BARROCAS;4500;Sim;
1434;24/10/2025;municipio;SEABRA;MUNICIPIO DE SEABRA;15000;Sim;
1435;24/10/2025;municipio;SEABRA;FUNDO MUNICIPAL DE ASSISTENCIA SOCIAL DE SEABRA;5000;Sim;
1436;24/10/2025;municipio;SEABRA;FUNDO MUNICIPAL DE SAUDE;5000;Sim;
1437;24/10/2025;municipio;SEABRA;FUNDO MUNICIPAL DE EDUCACAO - FME;5000;Sim;
1438;24/10/2025;municipio;SEABRA;MUNICIPIO DE SEABRA;9600;Sim;
1439;24/10/2025;municipio;WENCESLAU GUIMARÃES;MUNICIPIO DE WENCESLAU GUIMARAES;18000;Sim;
1440;24/10/2025;municipio;WENCESLAU GUIMARÃES;FUNDO MUNICIPAL DE SAUDE FMS;6500;Sim;
1441;24/10/2025;municipio;WENCESLAU GUIMARÃES;FUNDO MUNICIPAL DE EDUCACAO - FME DO MUNICIPIO DE WENCESLAU GUIMARAES;4000;Sim;
1442;24/10/2025;municipio;WENCESLAU GUIMARÃES;FUNDO MUNICIPAL DE ASSISTENCIA SOCIAL;4000;Sim;
1443;24/10/2025;municipio;WENCESLAU GUIMARÃES;MUNICIPIO DE WENCESLAU GUIMARAES;5000;Sim;
1444;24/10/2025;municipio;WENCESLAU GUIMARÃES;MUNICIPIO DE WENCESLAU GUIMARAES;10000;Sim;
1445;29/10/2025;municipio;QUIJINGUE;MUNICIPIO DE QUIJINGUE;13000;Sim;
1446;29/10/2025;municipio;QUIJINGUE;FUNDO MUNICIPAL DE ASSISTENCIA SOCIAL;5000;Sim;
1447;29/10/2025;municipio;QUIJINGUE;SECRETARIA MUNICIPAL DA EDUCACAO;6000;Sim;
1448;29/10/2025;municipio;QUIJINGUE;FUNDO MUNICIPAL DE SAUDE DE QUIJINGUE;6000;Sim;
1449;29/10/2025;municipio;ITUBERÁ;MUNICIPIO DE ITUBERA;17500;Sim;
1450;29/10/2025;municipio;ITUBERÁ;FUNDO MUNICIPAL DE SAUDE DE ITUBERA;4500;Sim;
1451;29/10/2025;municipio;ITUBERÁ;FUNDO MUNICIPAL DE EDUCACAO - FME;4500;Sim;
1452;29/10/2025;municipio;ITUBERÁ;FUNDO MUNICIPAL DE ASSISTENCIA SOCIA;4500;Sim;
1453;29/10/2025;municipio;SÃO FELIPE;MUNICIPIO DE SAO FELIPE;12000;Sim;
1454;29/10/2025;municipio;SÃO FELIPE;FUNDO MUNICIPAL DE ACAO SOCIAL;3000;Sim;
1455;29/10/2025;municipio;SÃO FELIPE;SECRETARIA MUNICIPAL DE EDUCACAO DE SAO FELIPE;4000;Sim;
1456;29/10/2025;municipio;SÃO FELIPE;FUNDO MUNICIPAL DE SAUDE;6000;Sim;
1457;29/10/2025;municipio;SÃO FELIPE;MUNICIPIO DE SAO FELIPE;10000;Sim;
1458;29/10/2025;municipio;JAGUARIPE;MUNICIPIO DE JAGUARIPE;13000;Não;
1459;29/10/2025;municipio;JAGUARIPE;FUNDO MUNICIPAL DE ASSISTENCIA SOCIAL - FMAS DE JAGUARIPE;3000;Sim;
1460;29/10/2025;municipio;JAGUARIPE;SECRETARIA MUNICIPAL DE EDUCACAO DE JAGUARIPE;7000;Sim;
1461;29/10/2025;municipio;JAGUARIPE;FUNDO MUNICIPAL DE SAUDE;7000;Sim;
1462;29/10/2025;municipio;JAGUARIPE;MUNICIPIO DE JAGUARIPE;4000;Sim;
1463;29/10/2025;municipio;JAGUARIPE;MUNICIPIO DE JAGUARIPE;6000;Sim;
1464;29/10/2025;municipio;SANTO ESTÊVÃO;MUNICIPIO DE SANTO ESTEVAO;15000;Sim;
1465;29/10/2025;municipio;SANTO ESTÊVÃO;SECRETARIA DA EDUCACAO;5000;Sim;
1466;29/10/2025;municipio;SANTO ESTÊVÃO;FUNDO MUNICIPAL DE SAUDE DE SANTO ESTEVAO;5000;Sim;
1467;29/10/2025;municipio;MUQUÉM DE SÃO FRANCISCO;MUNICIPIO DE MUQUEM DO SAO FRANCISCO;16000;Sim;
1468;29/10/2025;municipio;MUQUÉM DE SÃO FRANCISCO;FUNDO MUNICIPAL DE SAUDE;5000;Sim;
1469;29/10/2025;municipio;MUQUÉM DE SÃO FRANCISCO;SECRETARIA MUNICIPAL DA EDUCACAO SEMED;4000;Sim;
1470;29/10/2025;municipio;MUQUÉM DE SÃO FRANCISCO;FUNDO MUNICIPAL DE ASSISTENCIA SOCIAL;2000;Sim;
1471;29/10/2025;municipio;MUQUÉM DE SÃO FRANCISCO;MUNICIPIO DE MUQUEM DO SAO FRANCISCO;4500;Sim;
1472;29/10/2025;municipio;MUQUÉM DE SÃO FRANCISCO;SECRETARIA MUNICIPAL DA EDUCACAO SEMED;4500;Sim;
1473;29/10/2025;municipio;MUQUÉM DE SÃO FRANCISCO;MUNICIPIO DE MUQUEM DO SAO FRANCISCO;20000;Sim;
1474;29/10/2025;municipio;ITAJU DO COLÔNIA;MUNICIPIO DE ITAJU DO COLONIA;9000;Sim;
1475;29/10/2025;municipio;ITAJU DO COLÔNIA;FUNDO MUNICIPAL DE ASSISTENCIA SOCIAL;4000;Sim;
1476;29/10/2025;municipio;ITAJU DO COLÔNIA;FUNDO MUNICIPAL DE EDUCACAO DE ITAJU DO COLONIA;4500;Sim;
1477;29/10/2025;municipio;ITAJU DO COLÔNIA;FUNDO MUNICIPAL DE SAUDE ITAJU DO COLONIA;4500;Sim;
1478;29/10/2025;municipio;OLIVEIRA DOS BREJINHOS;PREFEITURA MUNICIPAL DE OLIVEIRA DOS BREJINHOS;12000;Sim;
1479;29/10/2025;municipio;OLIVEIRA DOS BREJINHOS;FUNDO MUNIC. DE ASS. SOCIAL - OLIV. DOS BREJINHOS;8000;Sim;
1480;29/10/2025;municipio;OLIVEIRA DOS BREJINHOS;SECRETARIA DE EDUCACAO DE OLIVEIRA DOS BREJINHOS;9000;Sim;
1481;29/10/2025;municipio;OLIVEIRA DOS BREJINHOS;SECRETARIA MUNICIPAL DE SAUDE - CNES 3238334;9000;Sim;
1482;29/10/2025;municipio;OLIVEIRA DOS BREJINHOS;SECRETARIA DE EDUCACAO DE OLIVEIRA DOS BREJINHOS;8000;Sim;
1483;29/10/2025;municipio;SANTA BÁRBARA;MUNICIPIO DE SANTA BARBARA;15000;Sim;
1484;29/10/2025;municipio;SANTA BÁRBARA;FUNDO MUNICIPAL DE ASSISTENCIA SOCIAL - FMAS;4500;Sim;
1485;29/10/2025;municipio;SANTA BÁRBARA;SECRETARIA MUNICIPAL DE EDUCACAO DE SANTA BARBARA;6500;Sim;
1486;29/10/2025;municipio;SANTA BÁRBARA;UMSAUDE - FUNDO MUNICIPAL DE SAUDE DE SANTA BARBARA;6500;Sim;
1487;29/10/2025;municipio;LAMARÃO;MUNICIPIO DE LAMARAO;9000;Sim;
1488;29/10/2025;municipio;LAMARÃO;FUNDO MUNICIPAL DE ASSISTENCIA SOCIAL;4000;Sim;
1489;29/10/2025;municipio;LAMARÃO;SECRETARIA MUNICIPAL DE EDUCACAO, CULTURA, ESPORTE E LAZER - SMECEL;4500;Sim;
1490;29/10/2025;municipio;LAMARÃO;FUNDO MUNICIPAL DE SAUDE - FMS;4500;Sim;
1491;29/10/2025;municipio;BOTUPORÃ;MUNICIPIO DE BOTUPORA;14375;Sim;
1492;29/10/2025;municipio;BOTUPORÃ;FUNDO MUNICIPAL DE SAUDE DO MUNICIPIO DE BOTUPORA;10062,5;Sim;
1493;29/10/2025;municipio;BOTUPORÃ;FUNDO MUNICIPAL DE EDUCACAO-FME;10062,5;Sim;
1494;29/10/2025;municipio;SÃO MIGUEL DAS MATAS;MUNICIPIO DE SAO MIGUEL DAS MATAS;20625;Sim;
1495;29/10/2025;municipio;SÃO MIGUEL DAS MATAS;MUNICIPIO DE SAO MIGUEL DAS MATAS;7667;Sim;
1496;29/10/2025;municipio;GUARATINGA;MUNICIPIO DE GUARATINGA;10000;Sim;
1497;29/10/2025;municipio;GUARATINGA;FUNDO MUNICIPAL DE SAUDE DE GUARATINGA;7500;Sim;
1498;29/10/2025;municipio;GUARATINGA;FUNDO MUNICIPAL DE EDUCACAO - FME;7500;Sim;
1499;29/10/2025;municipio;GUARATINGA;FUNDO MUNICIPAL DE SAUDE DE GUARATINGA;7500;Sim;
1500;29/10/2025;municipio;CARDEAL DA SILVA;MUNICIPIO DE CARDEAL DA SILVA;9000;Sim;
1501;29/10/2025;municipio;CARDEAL DA SILVA;FUNDO MUNICIPAL DE SAUDE DE CARDEAL DA SILVA;4500;Sim;
1502;29/10/2025;municipio;CARDEAL DA SILVA;FUNDO MUNICIPAL DE ASSISTENCIA SOCIAL;4500;Sim;
1503;29/10/2025;municipio;CAMPO ALEGRE DE LOURDES;MUNICIPIO DE CAMPO ALEGRE DE LOURDES;12000;Sim;
1504;29/10/2025;municipio;CAMPO ALEGRE DE LOURDES;FUNDO MUNICIPAL DE ASSISTENCIA SOCIAL;6000;Não;
1505;29/10/2025;municipio;CAMPO ALEGRE DE LOURDES;NOME EMPRESARIAL FUNDO MUNICIPAL DE SAUDE CAMPO ALEGRE DE LOURDES;7000;Não;
1506;29/10/2025;municipio;CAMPO ALEGRE DE LOURDES;FUNDO MUNICIPAL DE EDUCACAO DE CAMPO ALEGRE DE LOURDES;7000;Sim;
1507;29/10/2025;municipio;CONDE;MUNICIPIO DE CONDE;20000;Sim;
1508;29/10/2025;municipio;CONDE;FUNDO MUNICIPAL DE ASSISTENCIA SOCIAL DE CONDE;5000;Sim;
1509;29/10/2025;municipio;CONDE;FUNDO MUNICIPAL DE EDUCACAO - FME;5000;Sim;
1510;29/10/2025;municipio;CONDE;FUNDO MUNICIPAL DE SAUDE DE CONDE;5000;Sim;
1511;29/10/2025;municipio;IBOTIRAMA;PREFEITURA MUNICIPAL DE IBOTIRAMA;22000;Sim;
1512;29/10/2025;municipio;IBOTIRAMA;FUNDO MUNICIPAL DE SAUDE;5000;Sim;
1513;29/10/2025;municipio;IBOTIRAMA;FUNDO MUNICIPAL DE EDUCACAO - FME;3000;Sim;
1514;29/10/2025;municipio;IBOTIRAMA;FUNDO MUNICIPAL DE ASSISTENCIA SOCIAL DE IBOTIRAMA;3000;Sim;
1515;29/10/2025;municipio;BOM JESUS DA LAPA;MUNICIPIO DE BOM JESUS DA LAPA;21000;Sim;
1516;29/10/2025;municipio;BOM JESUS DA LAPA;FUNDO MUNICIPAL DE ASSISTENCIA SOCIAL - FMAS;3000;Sim;
1517;29/10/2025;municipio;BOM JESUS DA LAPA;FUNDO MUNICIPAL DE EDUCACAO DO MUNICIPIO DE BOM JESUS DA LAPA;3000;Sim;
1518;29/10/2025;municipio;BOM JESUS DA LAPA;NOME EMPRESARIAL FUNDO MUNICIPAL DE SAUDE DE BOM JESUS DA LAPA;3000;Sim;
1519;29/10/2025;municipio;BOM JESUS DA LAPA;MUNICIPIO DE BOM JESUS DA LAPA;15000;Sim;
1520;29/10/2025;municipio;GLÓRIA;MUNICIPIO DE GLORIA;18000;Sim;
1521;29/10/2025;municipio;GLÓRIA;FUNDO MUNICIPAL DE ASSISTENCIA E BEM - ESTAR SOCIAL - FUMABES;3000;Sim;
1522;29/10/2025;municipio;GLÓRIA;SECRETARIA MUNICIPAL DE EDUCACAO DE GLORIA-BA;4000;Sim;
1523;29/10/2025;municipio;GLÓRIA;FMS-FUNDO MUNICIPAL DE SAUDE;5000;Sim;
1524;29/10/2025;municipio;ITABUNA;FUNDACAO ITABUNENSE DE CULTURA E CIDADANIA;9000;Sim;
1525;30/10/2025;municipio;SANTO ESTÊVÃO;SECRETARIA DA EDUCACAO;5000;Sim;
1526;30/10/2025;municipio;BARRA DO ROCHA;MUNICIPIO DE BARRA DO ROCHA;10000;Sim;
1527;30/10/2025;municipio;BARRA DO ROCHA;FUNDO MUNICIPAL DE SAUDE DE BARRA DO ROCHA-BA;4400;Sim;
1528;30/10/2025;municipio;BARRA DO ROCHA;SECRETARIA MUNICIPAL DE EDUCACAO, CULTURA, ESPORTES E LAZER;4400;Sim;
1529;03/11/2025;municipio;BOA VISTA DO TUPIM;MUNICIPIO DE BOA VISTA DO TUPIM;29990;;
1530;03/11/2025;municipio;SALVADOR;MARCONE AMARAL COSTA JUNIOR;9000;;
1531;10/11/2025;municipio;SALVADOR;FABRICIO DIAS NUNES DA SILVA;11200;Sim;
1532;11/11/2025;municipio;SALVADOR;FABRICIO DIAS NUNES DA SILVA;11200;Sim;
1533;11/11/2025;municipio;SALVADOR;INSTITUTO DE SAUDE PUBLICA INTEGRADA - INSPI;6000;Sim;
1534;17/11/2025;camara;OLIVEIRA DOS BREJINHOS;CÂMARA MUNICIPAL DE OLIVEIRA DOS BREJINHOS;13000;Sim;
1535;17/11/2025;camara;OLIVEIRA DOS BREJINHOS;CÂMARA MUNICIPAL DE OLIVEIRA DOS BREJINHOS;4000;Sim;
1536;17/11/2025;camara;OLIVEIRA DOS BREJINHOS;CÂMARA MUNICIPAL DE OLIVEIRA DOS BREJINHOS;4700;Sim;
1537;17/11/2025;camara;SÁTIRO DIAS;CAMARA MUNICIPAL DE SATIRO DIAS;15000;Sim;
1538;17/11/2025;camara;SÁTIRO DIAS;CAMARA MUNICIPAL DE SATIRO DIAS;7000;Sim;
1539;17/11/2025;camara;SÁTIRO DIAS;CAMARA MUNICIPAL DE SATIRO DIAS;8000;Sim;
1540;17/11/2025;camara;CAMPO ALEGRE DE LOURDES;CAMARA MUNICIPAL DE CAMPO ALEGRE DE LOURDES;9000;Sim;
1541;17/11/2025;camara;CAMPO ALEGRE DE LOURDES;CAMARA MUNICIPAL DE CAMPO ALEGRE DE LOURDES;7500;Sim;
1542;17/11/2025;camara;CAMPO ALEGRE DE LOURDES;CAMARA MUNICIPAL DE CAMPO ALEGRE DE LOURDES;6000;Sim;
1543;17/11/2025;camara;CAMAMU;CAMAMU CAMARA DE VEREADORES;8750;Sim;
1544;17/11/2025;camara;NORDESTINA;CAMARA DE VEREADOREA DE NORDESTINA;13000;Sim;
1545;17/11/2025;camara;NORDESTINA;CAMARA DE VEREADOREA DE NORDESTINA;8500;Sim;
1546;17/11/2025;camara;NORDESTINA;CAMARA DE VEREADOREA DE NORDESTINA;5455;Sim;
1547;17/11/2025;camara;NORDESTINA;CAMARA DE VEREADOREA DE NORDESTINA;5640;Sim;
1548;17/11/2025;camara;NORDESTINA;CAMARA DE VEREADOREA DE NORDESTINA;5760;Sim;
1549;17/11/2025;camara;APORÁ;CAMARA MUNICIPAL DE APORA;15000;Sim;
1550;17/11/2025;camara;APORÁ;CAMARA MUNICIPAL DE APORA;7000;Sim;
1551;17/11/2025;camara;APORÁ;CAMARA MUNICIPAL DE APORA;4500;Sim;
1552;17/11/2025;camara;APORÁ;CAMARA MUNICIPAL DE APORA;4500;Sim;
1553;17/11/2025;camara;SANTA BÁRBARA;CAMARA MUNICIPAL DE VEREADORES DE SANTA BARBARA B;9000;Sim;
1554;17/11/2025;camara;SANTA BÁRBARA;CAMARA MUNICIPAL DE VEREADORES DE SANTA BARBARA B;4500;Sim;
1555;17/11/2025;camara;SANTA BÁRBARA;CAMARA MUNICIPAL DE VEREADORES DE SANTA BARBARA B;4800;Sim;
1556;17/11/2025;camara;QUIJINGUE;CAMARA MUNICIPAL DE QUIJINGUE;9000;Sim;
1557;17/11/2025;camara;QUIJINGUE;CAMARA MUNICIPAL DE QUIJINGUE;4000;Sim;
1558;17/11/2025;camara;QUIJINGUE;CAMARA MUNICIPAL DE QUIJINGUE;3500;Sim;
1559;17/11/2025;camara;MUQUÉM DE SÃO FRANCISCO;CAMARA MUNICIPAL DE MUQUEM DO SAO FRANCISCO;10000;Sim;
1560;17/11/2025;camara;MUQUÉM DE SÃO FRANCISCO;CAMARA MUNICIPAL DE MUQUEM DO SAO FRANCISCO;4500;Sim;
1561;17/11/2025;camara;MUQUÉM DE SÃO FRANCISCO;CAMARA MUNICIPAL DE MUQUEM DO SAO FRANCISCO;2500;Sim;
1562;17/11/2025;camara;GLÓRIA;CAMARA MUNICIPAL DE GLORIA;10600;Sim;
1563;17/11/2025;camara;GLÓRIA;CAMARA MUNICIPAL DE GLORIA;6000;Sim;
1564;17/11/2025;camara;RAFAEL JAMBEIRO;RAFAEL JAMBEIRO CAMARA MUNICIPAL;10000;Sim;
1565;17/11/2025;camara;RAFAEL JAMBEIRO;RAFAEL JAMBEIRO CAMARA MUNICIPAL;5000;Sim;
1566;17/11/2025;camara;RAFAEL JAMBEIRO;RAFAEL JAMBEIRO CAMARA MUNICIPAL;5000;Sim;
1567;17/11/2025;camara;VALENÇA;VALENCA-CAMARA MUNICIPAL DE VEREADORES;15000;Sim;
1568;18/11/2025;municipio;PAULO AFONSO;CONSORCIO PUBLICO INTERFEDERATIVO DE SAUDE DA REGIAO DE PAULO AFONSO;10000;Sim;
1569;24/11/2025;municipio;IBIRATAIA;MUNICIPIO DE IBIRATAIA;20000;Sim;
1570;24/11/2025;municipio;BARROCAS;FUNDO MUNICIPAL DE ASSISTENCIA SOCIAL - FMAS;4000;Sim;
1571;24/11/2025;municipio;BARROCAS;MUNICIPIO DE BARROCAS;4000;Sim;
1572;24/11/2025;municipio;BARROCAS;FUNDO MUNICIPAL DE SAUDE;4000;Não;
1573;24/11/2025;municipio;BARROCAS;MUNICIPIO DE BARROCAS;9000;Sim;
1574;24/11/2025;municipio;BARROCAS;MUNICIPIO DE BARROCAS;4500;Sim;
1575;24/11/2025;municipio;BARROCAS;MUNICIPIO DE BARROCAS;4500;Sim;
1576;24/11/2025;municipio;BOA VISTA DO TUPIM;MUNICIPIO DE BOA VISTA DO TUPIM;6500;Sim;
1577;24/11/2025;municipio;BOA VISTA DO TUPIM;FUNDO MUNICIPAL DE ASSISTENCIA SOCIAL FMAS;4000;Sim;
1578;24/11/2025;municipio;BOA VISTA DO TUPIM;MUNICIPIO DE BOA VISTA DO TUPIM;4000;Sim;
1579;24/11/2025;municipio;BOA VISTA DO TUPIM;FUNDO MUNICIPAL DE SAUDE FUNSAUDE;4000;Sim;
1580;24/11/2025;municipio;BOA VISTA DO TUPIM;MUNICIPIO DE BOA VISTA DO TUPIM;4500;Sim;
1581;24/11/2025;municipio;BOA VISTA DO TUPIM;MUNICIPIO DE BOA VISTA DO TUPIM;14995;;
1582;24/11/2025;municipio;IBIRAPITANGA;MUNICIPIO DE IBIRAPITANGA;15500;Sim;
1583;24/11/2025;municipio;IBIRAPITANGA;FUNDO MUNICIPAL DE EDUCACIONAL - FME;5000;Sim;
1584;24/11/2025;municipio;IBIRAPITANGA;FUNDO MUNICIPAL DE SAUDE IBIRAPITANGA;5000;Sim;
1585;24/11/2025;municipio;WENCESLAU GUIMARÃES;MUNICIPIO DE WENCESLAU GUIMARAES;18000;Sim;
1586;24/11/2025;municipio;WENCESLAU GUIMARÃES;FUNDO MUNICIPAL DE SAUDE FMS;6500;Sim;
1587;24/11/2025;municipio;WENCESLAU GUIMARÃES;FUNDO MUNICIPAL DE EDUCACAO - FME DO MUNICIPIO DE WENCESLAU GUIMARAES;4000;Sim;
1588;24/11/2025;municipio;WENCESLAU GUIMARÃES;FUNDO MUNICIPAL DE ASSISTENCIA SOCIAL;4000;Sim;
1589;24/11/2025;municipio;WENCESLAU GUIMARÃES;MUNICIPIO DE WENCESLAU GUIMARAES;5000;Sim;
1590;24/11/2025;municipio;WENCESLAU GUIMARÃES;MUNICIPIO DE WENCESLAU GUIMARAES;10000;Sim;
1591;24/11/2025;municipio;BURITIRAMA;MUNICIPIO DE BURITIRAMA;14000;Sim;
1592;24/11/2025;municipio;BURITIRAMA;SECRETARIA MUNICIPAL DE EDUCACAO;9000;Sim;
1593;24/11/2025;municipio;BURITIRAMA;FUNDO MUNICIPAL DE SAUDE DE BURITIRAMA;9000;Sim;
1594;24/11/2025;municipio;BURITIRAMA;MUNICIPIO DE BURITIRAMA;8100;Sim;
1595;24/11/2025;municipio;BOM JESUS DA LAPA;MUNICIPIO DE BOM JESUS DA LAPA;21000;Sim;
1596;24/11/2025;municipio;BOM JESUS DA LAPA;FUNDO MUNICIPAL DE ASSISTENCIA SOCIAL - FMAS;3000;Sim;
1597;24/11/2025;municipio;BOM JESUS DA LAPA;FUNDO MUNICIPAL DE EDUCACAO DO MUNICIPIO DE BOM JESUS DA LAPA;3000;Sim;
1598;24/11/2025;municipio;BOM JESUS DA LAPA;NOME EMPRESARIAL FUNDO MUNICIPAL DE SAUDE DE BOM JESUS DA LAPA;3000;Sim;
1599;24/11/2025;municipio;BOM JESUS DA LAPA;MUNICIPIO DE BOM JESUS DA LAPA;15000;Sim;
1600;24/11/2025;municipio;PEDRO ALEXANDRE;MUNICIPIO DE PEDRO ALEXANDRE;15000;;
1601;24/11/2025;municipio;PEDRO ALEXANDRE;FUNDO MUNICIPAL DE SAUDE;7000;Sim;
1602;24/11/2025;municipio;IGRAPIÚNA;MUNICIPI DE IGRAPIUNA;7000;Sim;
1603;24/11/2025;municipio;IGRAPIÚNA;FUNDO MUNICIPAL DE SAUDE;6000;Sim;
1604;24/11/2025;municipio;IGRAPIÚNA;FUNDO MUNICIPAL DE EDUCACAO DE IGRAPIUNA;6000;Sim;
1605;24/11/2025;municipio;IGRAPIÚNA;FUNDO MUNICIPAL DE ASSISTENCIA SOCIAL;4000;Sim;
1606;24/11/2025;municipio;SEABRA;MUNICIPIO DE SEABRA;15000;Sim;
1607;24/11/2025;municipio;SEABRA;FUNDO MUNICIPAL DE ASSISTENCIA SOCIAL DE SEABRA;5000;Sim;
1608;24/11/2025;municipio;SEABRA;FUNDO MUNICIPAL DE SAUDE;5000;Sim;
1609;24/11/2025;municipio;SEABRA;FUNDO MUNICIPAL DE EDUCACAO - FME;5000;Sim;
1610;24/11/2025;municipio;SEABRA;MUNICIPIO DE SEABRA;9600;Sim;
1611;24/11/2025;municipio;SOUTO SOARES;MUNICIPIO DE SOUTO SOARES;6000;Sim;
1612;24/11/2025;municipio;SOUTO SOARES;FUNDO MUNICIPAL DE SAUDE DE SOUTO SOARES;4000;Sim;
1613;24/11/2025;municipio;SOUTO SOARES;FUNDO MUNICIPAL DE EDUCACAO DE SOUTO SOARES;4000;Sim;
1614;24/11/2025;municipio;SOUTO SOARES;FUNDO MUNICIPAL DE ASSISTENCIA SOCIAL DE SOUTO SOARES;4000;Sim;
1615;24/11/2025;municipio;CONCEIÇÃO DA FEIRA;MUNICIPIO DE CONCEICAO DA FEIRA;6500;;
1616;25/11/2025;municipio;PEDRO ALEXANDRE;MUNICIPIO DE PEDRO ALEXANDRE;18000;Sim;
1617;25/11/2025;municipio;ANDORINHA;MUNICIPIO DE ANDORINHA;12050;Sim;
1618;25/11/2025;municipio;ANDORINHA;FUNDO MUNICIPAL DE ASSISTENCIA SOCIAL;6000;Sim;
1619;25/11/2025;municipio;ANDORINHA;SECRETARIA MUNICIPAL DE EDUCACAO;8000;Sim;
1620;25/11/2025;municipio;ANDORINHA;FUNDO MUNICIPAL DE SAUDE DE ANDORINHA;8000;Sim;
1621;25/11/2025;municipio;ANDORINHA;MUNICIPIO DE ANDORINHA;14000;Sim;
1622;25/11/2025;municipio;SANTA BÁRBARA;MUNICIPIO DE SANTA BARBARA;15000;Sim;
1623;25/11/2025;municipio;SANTA BÁRBARA;FUNDO MUNICIPAL DE ASSISTENCIA SOCIAL - FMAS;4500;Sim;
1624;25/11/2025;municipio;SANTA BÁRBARA;SECRETARIA MUNICIPAL DE EDUCACAO DE SANTA BARBARA;6500;Sim;
1625;25/11/2025;municipio;SANTA BÁRBARA;UMSAUDE - FUNDO MUNICIPAL DE SAUDE DE SANTA BARBARA;6500;Sim;
1626;25/11/2025;municipio;QUIJINGUE;MUNICIPIO DE QUIJINGUE;13000;Sim;
1627;25/11/2025;municipio;QUIJINGUE;FUNDO MUNICIPAL DE ASSISTENCIA SOCIAL;5000;Sim;
1628;25/11/2025;municipio;QUIJINGUE;SECRETARIA MUNICIPAL DA EDUCACAO;6000;Sim;
1629;25/11/2025;municipio;QUIJINGUE;FUNDO MUNICIPAL DE SAUDE DE QUIJINGUE;6000;Sim;
1630;25/11/2025;municipio;ITUBERÁ;MUNICIPIO DE ITUBERA;17500;Sim;
1631;25/11/2025;municipio;ITUBERÁ;FUNDO MUNICIPAL DE SAUDE DE ITUBERA;4500;Sim;
1632;25/11/2025;municipio;ITUBERÁ;FUNDO MUNICIPAL DE EDUCACAO - FME;4500;Sim;
1633;25/11/2025;municipio;ITUBERÁ;FUNDO MUNICIPAL DE ASSISTENCIA SOCIA;4500;Sim;
1634;25/11/2025;municipio;SÃO FELIPE;MUNICIPIO DE SAO FELIPE;12000;Sim;
1635;25/11/2025;municipio;SÃO FELIPE;FUNDO MUNICIPAL DE ACAO SOCIAL;3000;Sim;
1636;25/11/2025;municipio;SÃO FELIPE;SECRETARIA MUNICIPAL DE EDUCACAO DE SAO FELIPE;4000;Sim;
1637;25/11/2025;municipio;SÃO FELIPE;FUNDO MUNICIPAL DE SAUDE;6000;Sim;
1638;25/11/2025;municipio;SÃO FELIPE;MUNICIPIO DE SAO FELIPE;10000;Sim;
1639;25/11/2025;municipio;BARRA DO ROCHA;MUNICIPIO DE BARRA DO ROCHA;10000;Não;
1640;25/11/2025;municipio;BARRA DO ROCHA;FUNDO MUNICIPAL DE SAUDE DE BARRA DO ROCHA-BA;4400;Sim;
1641;25/11/2025;municipio;BARRA DO ROCHA;SECRETARIA MUNICIPAL DE EDUCACAO, CULTURA, ESPORTES E LAZER;4600;Sim;
1642;25/11/2025;municipio;JAGUARIPE;MUNICIPIO DE JAGUARIPE;13000;Sim;
1643;25/11/2025;municipio;JAGUARIPE;FUNDO MUNICIPAL DE ASSISTENCIA SOCIAL - FMAS DE JAGUARIPE;3000;Sim;
1644;25/11/2025;municipio;JAGUARIPE;SECRETARIA MUNICIPAL DE EDUCACAO DE JAGUARIPE;7000;Sim;
1645;25/11/2025;municipio;JAGUARIPE;FUNDO MUNICIPAL DE SAUDE;7000;Sim;
1646;25/11/2025;municipio;JAGUARIPE;MUNICIPIO DE JAGUARIPE;4000;Sim;
1647;25/11/2025;municipio;JAGUARIPE;MUNICIPIO DE JAGUARIPE;6000;Sim;
1648;25/11/2025;municipio;MUQUÉM DE SÃO FRANCISCO;MUNICIPIO DE MUQUEM DO SAO FRANCISCO;16000;Sim;
1649;25/11/2025;municipio;MUQUÉM DE SÃO FRANCISCO;FUNDO MUNICIPAL DE SAUDE;5000;Sim;
1650;25/11/2025;municipio;MUQUÉM DE SÃO FRANCISCO;SECRETARIA MUNICIPAL DA EDUCACAO SEMED;4000;Sim;
1651;25/11/2025;municipio;MUQUÉM DE SÃO FRANCISCO;FUNDO MUNICIPAL DE ASSISTENCIA SOCIAL;2000;Sim;
1652;25/11/2025;municipio;MUQUÉM DE SÃO FRANCISCO;MUNICIPIO DE MUQUEM DO SAO FRANCISCO;4500;Sim;
1653;25/11/2025;municipio;MUQUÉM DE SÃO FRANCISCO;SECRETARIA MUNICIPAL DA EDUCACAO SEMED;4500;Sim;
1654;25/11/2025;municipio;MUQUÉM DE SÃO FRANCISCO;MUNICIPIO DE MUQUEM DO SAO FRANCISCO;20000;Sim;
1655;25/11/2025;municipio;ITAJU DO COLÔNIA;MUNICIPIO DE ITAJU DO COLONIA;9000;Sim;
1656;25/11/2025;municipio;ITAJU DO COLÔNIA;FUNDO MUNICIPAL DE ASSISTENCIA SOCIAL;4000;Sim;
1657;25/11/2025;municipio;ITAJU DO COLÔNIA;FUNDO MUNICIPAL DE EDUCACAO DE ITAJU DO COLONIA;4500;Sim;
1658;25/11/2025;municipio;ITAJU DO COLÔNIA;FUNDO MUNICIPAL DE SAUDE ITAJU DO COLONIA;4500;Sim;
1659;25/11/2025;municipio;OLIVEIRA DOS BREJINHOS;PREFEITURA MUNICIPAL DE OLIVEIRA DOS BREJINHOS;12000;Sim;
1660;25/11/2025;municipio;OLIVEIRA DOS BREJINHOS;FUNDO MUNIC. DE ASS. SOCIAL - OLIV. DOS BREJINHOS;8000;Sim;
1661;25/11/2025;municipio;OLIVEIRA DOS BREJINHOS;SECRETARIA DE EDUCACAO DE OLIVEIRA DOS BREJINHOS;9000;Sim;
1662;25/11/2025;municipio;OLIVEIRA DOS BREJINHOS;SECRETARIA MUNICIPAL DE SAUDE - CNES 3238334;9000;Sim;
1663;25/11/2025;municipio;OLIVEIRA DOS BREJINHOS;SECRETARIA DE EDUCACAO DE OLIVEIRA DOS BREJINHOS;8000;Sim;
1664;25/11/2025;municipio;LAMARÃO;MUNICIPIO DE LAMARAO;9000;Sim;
1665;25/11/2025;municipio;LAMARÃO;FUNDO MUNICIPAL DE ASSISTENCIA SOCIAL;4000;Sim;
1666;25/11/2025;municipio;LAMARÃO;SECRETARIA MUNICIPAL DE EDUCACAO, CULTURA, ESPORTE E LAZER - SMECEL;4500;Sim;
1667;25/11/2025;municipio;LAMARÃO;FUNDO MUNICIPAL DE SAUDE - FMS;4500;Sim;
1668;25/11/2025;municipio;BOTUPORÃ;MUNICIPIO DE BOTUPORA;14375;Sim;
1669;25/11/2025;municipio;BOTUPORÃ;FUNDO MUNICIPAL DE SAUDE DO MUNICIPIO DE BOTUPORA;10062,5;Sim;
1670;25/11/2025;municipio;BOTUPORÃ;FUNDO MUNICIPAL DE EDUCACAO-FME;10062,5;Sim;
1671;25/11/2025;municipio;SÃO MIGUEL DAS MATAS;MUNICIPIO DE SAO MIGUEL DAS MATAS;20625;Sim;
1672;25/11/2025;municipio;SÃO MIGUEL DAS MATAS;MUNICIPIO DE SAO MIGUEL DAS MATAS;7667;Sim;
1673;25/11/2025;municipio;GUARATINGA;MUNICIPIO DE GUARATINGA;10000;Sim;
1674;25/11/2025;municipio;GUARATINGA;FUNDO MUNICIPAL DE SAUDE DE GUARATINGA;7500;Sim;
1675;25/11/2025;municipio;GUARATINGA;FUNDO MUNICIPAL DE EDUCACAO - FME;7500;Sim;
1676;25/11/2025;municipio;CARDEAL DA SILVA;MUNICIPIO DE CARDEAL DA SILVA;9000;Sim;
1677;25/11/2025;municipio;CARDEAL DA SILVA;FUNDO MUNICIPAL DE SAUDE DE CARDEAL DA SILVA;4500;Sim;
1678;25/11/2025;municipio;CARDEAL DA SILVA;FUNDO MUNICIPAL DE ASSISTENCIA SOCIAL;4500;Sim;
1679;25/11/2025;municipio;CAMPO ALEGRE DE LOURDES;MUNICIPIO DE CAMPO ALEGRE DE LOURDES;12000;Sim;
1680;25/11/2025;municipio;CAMPO ALEGRE DE LOURDES;FUNDO MUNICIPAL DE ASSISTENCIA SOCIAL;6000;Não;
1681;25/11/2025;municipio;CAMPO ALEGRE DE LOURDES;NOME EMPRESARIAL FUNDO MUNICIPAL DE SAUDE CAMPO ALEGRE DE LOURDES;7000;Não;
1682;25/11/2025;municipio;CAMPO ALEGRE DE LOURDES;FUNDO MUNICIPAL DE EDUCACAO DE CAMPO ALEGRE DE LOURDES;7000;Sim;
1683;25/11/2025;municipio;CONDE;MUNICIPIO DE CONDE;20000;Sim;
1684;25/11/2025;municipio;CONDE;FUNDO MUNICIPAL DE ASSISTENCIA SOCIAL DE CONDE;5000;Sim;
1685;25/11/2025;municipio;CONDE;FUNDO MUNICIPAL DE EDUCACAO - FME;5000;Sim;
1686;25/11/2025;municipio;CONDE;FUNDO MUNICIPAL DE SAUDE DE CONDE;5000;Sim;
1687;25/11/2025;municipio;IBOTIRAMA;PREFEITURA MUNICIPAL DE IBOTIRAMA;22000;Sim;
1688;25/11/2025;municipio;IBOTIRAMA;FUNDO MUNICIPAL DE SAUDE;5000;Sim;
1689;25/11/2025;municipio;IBOTIRAMA;FUNDO MUNICIPAL DE EDUCACAO - FME;3000;Sim;
1690;25/11/2025;municipio;IBOTIRAMA;FUNDO MUNICIPAL DE ASSISTENCIA SOCIAL DE IBOTIRAMA;3000;Sim;
1691;25/11/2025;municipio;CANDEIAS;MUNICIPIO DE CANDEIAS;255000;;
1692;25/11/2025;municipio;ITABUNA;FUNDACAO ITABUNENSE DE CULTURA E CIDADANIA;9000;Sim;
1693;25/11/2025;municipio;GLÓRIA;MUNICIPIO DE GLORIA;18000;Sim;
1694;25/11/2025;municipio;GLÓRIA;FUNDO MUNICIPAL DE ASSISTENCIA E BEM - ESTAR SOCIAL - FUMABES;3000;Sim;
1695;25/11/2025;municipio;GLÓRIA;SECRETARIA MUNICIPAL DE EDUCACAO DE GLORIA-BA;4000;Sim;
1696;25/11/2025;municipio;GLÓRIA;FMS-FUNDO MUNICIPAL DE SAUDE;5000;Sim;
1697;25/11/2025;municipio;JIQUIRIÇÁ;FUNDO MUNICIPAL DE EDUCACAO - FMED;910,2;;
1698;25/11/2025;municipio;JIQUIRIÇÁ;FUNDO MUNICIPAL DE SAUDE DE JIQUIRICA;910,2;;
1699;26/11/2025;municipio;BOA VISTA DO TUPIM;FUNDO MUNICIPAL DE EDUCACAO - FME;14995;Sim;
1702;01/12/2025;municipio;SANTO ESTÊVÃO;MUNICIPIO DE SANTO ESTEVAO;15000;Sim;
1703;01/12/2025;municipio;SANTO ESTÊVÃO;SECRETARIA DA EDUCACAO;5000;Sim;
1704;01/12/2025;municipio;SANTO ESTÊVÃO;FUNDO MUNICIPAL DE SAUDE DE SANTO ESTEVAO;5000;Sim;
1705;01/12/2025;municipio;SALVADOR;FABRICIO DIAS NUNES DA SILVA;11200;;
1706;03/12/2025;municipio;SALVADOR;MARCONE AMARAL COSTA JUNIOR;9000;;
1707;05/12/2025;municipio;BOA VISTA DO TUPIM;FUNDO MUNICIPAL DE EDUCACAO - FME;14995;Sim;
1708;05/12/2025;municipio;SOUTO SOARES;FUNDO MUNICIPAL DE EDUCACAO DE SOUTO SOARES;18000;Sim;
1709;05/12/2025;municipio;SALVADOR;INSTITUTO DE SAUDE PUBLICA INTEGRADA - INSPI;6000;;
1710;05/12/2025;municipio;SALVADOR;INSTITUTO DE SAUDE PUBLICA INTEGRADA - INSPI;6000;Sim;
1711;10/12/2025;camara;APORÁ;CAMARA MUNICIPAL DE APORA;15000;Sim;
1712;10/12/2025;camara;APORÁ;CAMARA MUNICIPAL DE APORA;7000;Sim;
1713;10/12/2025;camara;APORÁ;CAMARA MUNICIPAL DE APORA;4500;Sim;
1714;10/12/2025;camara;APORÁ;CAMARA MUNICIPAL DE APORA;45000;;
1715;10/12/2025;camara;SANTA BÁRBARA;CAMARA MUNICIPAL DE VEREADORES DE SANTA BARBARA B;9000;Sim;
1716;10/12/2025;camara;SANTA BÁRBARA;CAMARA MUNICIPAL DE VEREADORES DE SANTA BARBARA B;4500;Sim;
1717;10/12/2025;camara;SANTA BÁRBARA;CAMARA MUNICIPAL DE VEREADORES DE SANTA BARBARA B;4800;Sim;
1718;10/12/2025;camara;QUIJINGUE;CAMARA MUNICIPAL DE QUIJINGUE;9000;Sim;
1719;10/12/2025;camara;QUIJINGUE;CAMARA MUNICIPAL DE QUIJINGUE;4000;Sim;
1720;10/12/2025;camara;QUIJINGUE;CAMARA MUNICIPAL DE QUIJINGUE;3500;Sim;
1721;10/12/2025;camara;MUQUÉM DE SÃO FRANCISCO;CAMARA MUNICIPAL DE MUQUEM DO SAO FRANCISCO;10000;Sim;
1722;10/12/2025;camara;MUQUÉM DE SÃO FRANCISCO;CAMARA MUNICIPAL DE MUQUEM DO SAO FRANCISCO;4500;Sim;
1723;10/12/2025;camara;MUQUÉM DE SÃO FRANCISCO;CAMARA MUNICIPAL DE MUQUEM DO SAO FRANCISCO;2500;Sim;
1724;10/12/2025;camara;GLÓRIA;CAMARA MUNICIPAL DE GLORIA;10600;Sim;
1725;10/12/2025;camara;GLÓRIA;CAMARA MUNICIPAL DE GLORIA;6000;Sim;
1726;10/12/2025;camara;RAFAEL JAMBEIRO;RAFAEL JAMBEIRO CAMARA MUNICIPAL;10000;Sim;
1727;10/12/2025;camara;RAFAEL JAMBEIRO;RAFAEL JAMBEIRO CAMARA MUNICIPAL;5000;Sim;
1728;10/12/2025;camara;RAFAEL JAMBEIRO;RAFAEL JAMBEIRO CAMARA MUNICIPAL;5000;Sim;
1729;10/12/2025;camara;VALENÇA;VALENCA-CAMARA MUNICIPAL DE VEREADORES;15000;Sim;
1730;10/12/2025;camara;VALENÇA;VALENCA-CAMARA MUNICIPAL DE VEREADORES;15000;;
1731;10/12/2025;camara;OLIVEIRA DOS BREJINHOS;CÂMARA MUNICIPAL DE OLIVEIRA DOS BREJINHOS;13000;Sim;
1732;10/12/2025;camara;OLIVEIRA DOS BREJINHOS;CÂMARA MUNICIPAL DE OLIVEIRA DOS BREJINHOS;4000;Sim;
1733;10/12/2025;camara;OLIVEIRA DOS BREJINHOS;CÂMARA MUNICIPAL DE OLIVEIRA DOS BREJINHOS;4700;Sim;
1734;10/12/2025;camara;OLIVEIRA DOS BREJINHOS;CÂMARA MUNICIPAL DE OLIVEIRA DOS BREJINHOS;13000;;
1735;10/12/2025;camara;OLIVEIRA DOS BREJINHOS;CÂMARA MUNICIPAL DE OLIVEIRA DOS BREJINHOS;4700;;
1736;10/12/2025;camara;OLIVEIRA DOS BREJINHOS;CÂMARA MUNICIPAL DE OLIVEIRA DOS BREJINHOS;4000;;
1737;10/12/2025;camara;SÁTIRO DIAS;CAMARA MUNICIPAL DE SATIRO DIAS;15000;Sim;
1738;10/12/2025;camara;SÁTIRO DIAS;CAMARA MUNICIPAL DE SATIRO DIAS;8000;Sim;
1739;10/12/2025;camara;SÁTIRO DIAS;CAMARA MUNICIPAL DE SATIRO DIAS;7000;Sim;
1740;10/12/2025;camara;CAMPO ALEGRE DE LOURDES;CAMARA MUNICIPAL DE CAMPO ALEGRE DE LOURDES;9000;Sim;
1741;10/12/2025;camara;CAMPO ALEGRE DE LOURDES;CAMARA MUNICIPAL DE CAMPO ALEGRE DE LOURDES;7500;Sim;
1742;10/12/2025;camara;CAMPO ALEGRE DE LOURDES;CAMARA MUNICIPAL DE CAMPO ALEGRE DE LOURDES;6000;Sim;
1744;10/12/2025;camara;CAMAMU;CAMAMU CAMARA DE VEREADORES;8750;Sim;
1745;10/12/2025;camara;NORDESTINA;CAMARA DE VEREADOREA DE NORDESTINA;13000;Sim;
1746;10/12/2025;camara;NORDESTINA;CAMARA DE VEREADOREA DE NORDESTINA;8500;Sim;
1747;10/12/2025;camara;NORDESTINA;CAMARA DE VEREADOREA DE NORDESTINA;5455;Sim;
1748;10/12/2025;camara;NORDESTINA;CAMARA DE VEREADOREA DE NORDESTINA;5640;Sim;
1749;10/12/2025;camara;NORDESTINA;CAMARA DE VEREADOREA DE NORDESTINA;5760;Sim;
1750;10/12/2025;municipio;IBIRATAIA;MUNICIPIO DE IBIRATAIA;20000;Sim;
1751;10/12/2025;municipio;IBIRATAIA;MUNICIPIO DE IBIRATAIA;20000;Sim;
1752;10/12/2025;municipio;CANDEIAS;MUNICIPIO DE CANDEIAS;25500;;
1753;10/12/2025;municipio;ANDORINHA;MUNICIPIO DE ANDORINHA;12050;Sim;
1754;10/12/2025;municipio;ANDORINHA;FUNDO MUNICIPAL DE ASSISTENCIA SOCIAL;6000;Sim;
1755;10/12/2025;municipio;ANDORINHA;SECRETARIA MUNICIPAL DE EDUCACAO;8000;Sim;
1756;10/12/2025;municipio;ANDORINHA;FUNDO MUNICIPAL DE SAUDE DE ANDORINHA;8000;Sim;
1757;10/12/2025;municipio;ANDORINHA;MUNICIPIO DE ANDORINHA;14000;Sim;
1758;10/12/2025;municipio;BARROCAS;MUNICIPIO DE BARROCAS;9000;Não;
1759;10/12/2025;municipio;BARROCAS;FUNDO MUNICIPAL DE ASSISTENCIA SOCIAL - FMAS;4000;Não;
1760;10/12/2025;municipio;BARROCAS;MUNICIPIO DE BARROCAS;4000;Não;
1761;10/12/2025;municipio;BARROCAS;FUNDO MUNICIPAL DE SAUDE;4000;Não;
1762;10/12/2025;municipio;BARROCAS;MUNICIPIO DE BARROCAS;4500;Não;
1763;10/12/2025;municipio;BARROCAS;MUNICIPIO DE BARROCAS;4500;Não;
1764;10/12/2025;municipio;BOA VISTA DO TUPIM;MUNICIPIO DE BOA VISTA DO TUPIM;6500;Sim;
1765;10/12/2025;municipio;BOM JESUS DA LAPA;FUNDO MUNICIPAL DE ASSISTENCIA SOCIAL FMAS;4000;;
1767;10/12/2025;municipio;BOA VISTA DO TUPIM;FUNDO MUNICIPAL DE SAUDE FUNSAUDE;4000;Sim;
1768;10/12/2025;municipio;BOA VISTA DO TUPIM;MUNICIPIO DE BOA VISTA DO TUPIM;4500;Sim;
1770;10/12/2025;municipio;BURITIRAMA;MUNICIPIO DE BURITIRAMA;14000;Sim;
1771;10/12/2025;municipio;BURITIRAMA;SECRETARIA MUNICIPAL DE EDUCACAO;9000;Sim;
1772;10/12/2025;municipio;BURITIRAMA;FUNDO MUNICIPAL DE SAUDE DE BURITIRAMA;9000;Sim;
1773;10/12/2025;municipio;BURITIRAMA;MUNICIPIO DE BURITIRAMA;8100;Sim;
1774;10/12/2025;municipio;PAULO AFONSO;CONSORCIO PUBLICO INTERFEDERATIVO DE SAUDE DA REGIAO DE PAULO AFONSO;10000;Sim;
1775;10/12/2025;municipio;PAULO AFONSO;CONSORCIO PUBLICO INTERFEDERATIVO DE SAUDE DA REGIAO DE PAULO AFONSO;10000;Sim;
1776;10/12/2025;municipio;CONCEIÇÃO DA FEIRA;MUNICIPIO DE CONCEICAO DA FEIRA;6500;;
1777;10/12/2025;municipio;BOM JESUS DA LAPA;MUNICIPIO DE BOM JESUS DA LAPA;21000;Sim;
1778;10/12/2025;municipio;BOM JESUS DA LAPA;FUNDO MUNICIPAL DE ASSISTENCIA SOCIAL - FMAS;3000;Sim;
1779;10/12/2025;municipio;BOM JESUS DA LAPA;FUNDO MUNICIPAL DE EDUCACAO DO MUNICIPIO DE BOM JESUS DA LAPA;3000;Sim;
1780;10/12/2025;municipio;BOM JESUS DA LAPA;NOME EMPRESARIAL FUNDO MUNICIPAL DE SAUDE DE BOM JESUS DA LAPA;3000;Sim;
1781;10/12/2025;municipio;BOM JESUS DA LAPA;MUNICIPIO DE BOM JESUS DA LAPA;15000;Sim;
1782;10/12/2025;municipio;BOM JESUS DA LAPA;MUNICIPIO DE BOM JESUS DA LAPA;30000;Sim;
1783;10/12/2025;municipio;BOM JESUS DA LAPA;MUNICIPIO DE BOM JESUS DA LAPA;15000;Sim;
1784;11/12/2025;municipio;BARRA DO ROCHA;MUNICIPIO DE BARRA DO ROCHA;10000;Não;
1785;11/12/2025;municipio;BARRA DO ROCHA;FUNDO MUNICIPAL DE SAUDE DE BARRA DO ROCHA-BA;4400;Sim;
1786;11/12/2025;municipio;BARRA DO ROCHA;SECRETARIA MUNICIPAL DE EDUCACAO, CULTURA, ESPORTES E LAZER;4600;Não;
1787;11/12/2025;municipio;BARRA DO ROCHA;SECRETARIA MUNICIPAL DE EDUCACAO, CULTURA, ESPORTES E LAZER;19000;Não;
1788;11/12/2025;municipio;MUQUÉM DE SÃO FRANCISCO;MUNICIPIO DE MUQUEM DO SAO FRANCISCO;16000;Sim;
1789;11/12/2025;municipio;MUQUÉM DE SÃO FRANCISCO;FUNDO MUNICIPAL DE SAUDE;5000;Sim;
1790;11/12/2025;municipio;MUQUÉM DE SÃO FRANCISCO;SECRETARIA MUNICIPAL DA EDUCACAO SEMED;4000;Sim;
1791;11/12/2025;municipio;MUQUÉM DE SÃO FRANCISCO;FUNDO MUNICIPAL DE ASSISTENCIA SOCIAL;2000;Sim;
1792;11/12/2025;municipio;MUQUÉM DE SÃO FRANCISCO;MUNICIPIO DE MUQUEM DO SAO FRANCISCO;4500;Sim;
1793;11/12/2025;municipio;MUQUÉM DE SÃO FRANCISCO;SECRETARIA MUNICIPAL DA EDUCACAO SEMED;4500;Sim;
1794;11/12/2025;municipio;MUQUÉM DE SÃO FRANCISCO;MUNICIPIO DE MUQUEM DO SAO FRANCISCO;20000;Sim;
1796;11/12/2025;municipio;SEABRA;MUNICIPIO DE SEABRA;15000;Sim;
1797;11/12/2025;municipio;SEABRA;FUNDO MUNICIPAL DE ASSISTENCIA SOCIAL DE SEABRA;5000;Sim;
1798;11/12/2025;municipio;SEABRA;FUNDO MUNICIPAL DE SAUDE;5000;Sim;
1799;11/12/2025;municipio;SEABRA;FUNDO MUNICIPAL DE EDUCACAO - FME;5000;Sim;
1800;11/12/2025;municipio;SEABRA;MUNICIPIO DE SEABRA;9600;Sim;
1801;11/12/2025;municipio;SEABRA;MUNICIPIO DE SEABRA;15000;Sim;
1802;11/12/2025;municipio;SEABRA;FUNDO MUNICIPAL DE ASSISTENCIA SOCIAL DE SEABRA;5000;Sim;
1803;11/12/2025;municipio;SEABRA;FUNDO MUNICIPAL DE SAUDE;5000;Sim;
1804;11/12/2025;municipio;SEABRA;FUNDO MUNICIPAL DE EDUCACAO - FME;5000;Sim;
1806;11/12/2025;municipio;OLIVEIRA DOS BREJINHOS;PREFEITURA MUNICIPAL DE OLIVEIRA DOS BREJINHOS;12000;Sim;
1807;11/12/2025;municipio;OLIVEIRA DOS BREJINHOS;FUNDO MUNIC. DE ASS. SOCIAL - OLIV. DOS BREJINHOS;8000;Sim;
1808;11/12/2025;municipio;OLIVEIRA DOS BREJINHOS;SECRETARIA DE EDUCACAO DE OLIVEIRA DOS BREJINHOS;9000;Sim;
1809;11/12/2025;municipio;OLIVEIRA DOS BREJINHOS;SECRETARIA MUNICIPAL DE SAUDE - CNES 3238334;9000;Sim;
1810;11/12/2025;municipio;OLIVEIRA DOS BREJINHOS;SECRETARIA DE EDUCACAO DE OLIVEIRA DOS BREJINHOS;8000;Sim;
1812;11/12/2025;municipio;PEDRO ALEXANDRE;MUNICIPIO DE PEDRO ALEXANDRE;18000;Sim;
1813;11/12/2025;municipio;PEDRO ALEXANDRE;FUNDO MUNICIPAL DE SAUDE;7000;Não;
1814;11/12/2025;municipio;PEDRO ALEXANDRE;MUNICIPIO DE PEDRO ALEXANDRE;18000;Não;
1815;11/12/2025;municipio;PEDRO ALEXANDRE;FUNDO MUNICIPAL DE SAUDE;7000;Sim;
1816;11/12/2025;municipio;QUIJINGUE;MUNICIPIO DE QUIJINGUE;13000;Sim;
1817;11/12/2025;municipio;QUIJINGUE;FUNDO MUNICIPAL DE ASSISTENCIA SOCIAL;5000;Sim;
1818;11/12/2025;municipio;QUIJINGUE;SECRETARIA MUNICIPAL DA EDUCACAO;6000;Sim;
1819;11/12/2025;municipio;QUIJINGUE;FUNDO MUNICIPAL DE SAUDE DE QUIJINGUE;6000;Sim;
1820;11/12/2025;municipio;QUIJINGUE;SECRETARIA MUNICIPAL DA EDUCACAO;30000;Sim;
1821;11/12/2025;municipio;SANTA BÁRBARA;MUNICIPIO DE SANTA BARBARA;15000;Sim;
1822;11/12/2025;municipio;SANTA BÁRBARA;FUNDO MUNICIPAL DE ASSISTENCIA SOCIAL - FMAS;4500;Sim;
1823;11/12/2025;municipio;SANTA BÁRBARA;SECRETARIA MUNICIPAL DE EDUCACAO DE SANTA BARBARA;6500;Sim;
1824;11/12/2025;municipio;SANTA BÁRBARA;UMSAUDE - FUNDO MUNICIPAL DE SAUDE DE SANTA BARBARA;6500;Sim;
1825;11/12/2025;municipio;SÃO FELIPE;MUNICIPIO DE SAO FELIPE;12000;Sim;
1826;11/12/2025;municipio;SÃO FELIPE;FUNDO MUNICIPAL DE ACAO SOCIAL;3000;Sim;
1827;11/12/2025;municipio;SÃO FELIPE;SECRETARIA MUNICIPAL DE EDUCACAO DE SAO FELIPE;4000;Sim;
1828;11/12/2025;municipio;SÃO FELIPE;FUNDO MUNICIPAL DE SAUDE;6000;Sim;
1829;11/12/2025;municipio;SÃO FELIPE;MUNICIPIO DE SAO FELIPE;10000;Sim;
1830;11/12/2025;municipio;SÃO FELIPE;SECRETARIA MUNICIPAL DE EDUCACAO DE SAO FELIPE;25000;Sim;
1831;11/12/2025;municipio;SÃO MIGUEL DAS MATAS;MUNICIPIO DE SAO MIGUEL DAS MATAS;20625;Sim;
1832;11/12/2025;municipio;SÃO MIGUEL DAS MATAS;MUNICIPIO DE SAO MIGUEL DAS MATAS;7667;Sim;
1833;11/12/2025;municipio;SOUTO SOARES;MUNICIPIO DE SOUTO SOARES;6000;Sim;
1834;11/12/2025;municipio;SOUTO SOARES;FUNDO MUNICIPAL DE SAUDE DE SOUTO SOARES;4000;Sim;
1835;11/12/2025;municipio;SOUTO SOARES;FUNDO MUNICIPAL DE EDUCACAO DE SOUTO SOARES;4000;Sim;
1836;11/12/2025;municipio;SOUTO SOARES;FUNDO MUNICIPAL DE ASSISTENCIA SOCIAL DE SOUTO SOARES;4000;Sim;
1837;11/12/2025;municipio;WENCESLAU GUIMARÃES;MUNICIPIO DE WENCESLAU GUIMARAES;18000;Sim;
1838;11/12/2025;municipio;WENCESLAU GUIMARÃES;FUNDO MUNICIPAL DE SAUDE FMS;6500;Sim;
1839;11/12/2025;municipio;WENCESLAU GUIMARÃES;FUNDO MUNICIPAL DE EDUCACAO - FME DO MUNICIPIO DE WENCESLAU GUIMARAES;4000;Sim;
1840;11/12/2025;municipio;WENCESLAU GUIMARÃES;FUNDO MUNICIPAL DE ASSISTENCIA SOCIAL;4000;Sim;
1841;11/12/2025;municipio;WENCESLAU GUIMARÃES;MUNICIPIO DE WENCESLAU GUIMARAES;5000;Sim;
1842;11/12/2025;municipio;WENCESLAU GUIMARÃES;MUNICIPIO DE WENCESLAU GUIMARAES;10000;Sim;
1843;11/12/2025;municipio;BOTUPORÃ;MUNICIPIO DE BOTUPORA;11500;Sim;
1844;11/12/2025;municipio;BOTUPORÃ;FUNDO MUNICIPAL DE SAUDE DO MUNICIPIO DE BOTUPORA;8050;Sim;
1845;11/12/2025;municipio;BOTUPORÃ;FUNDO MUNICIPAL DE EDUCACAO-FME;8050;Sim;
1846;11/12/2025;municipio;CAMPO ALEGRE DE LOURDES;MUNICIPIO DE CAMPO ALEGRE DE LOURDES;12000;Não;
1847;11/12/2025;municipio;CAMPO ALEGRE DE LOURDES;FUNDO MUNICIPAL DE ASSISTENCIA SOCIAL;6000;Não;
1848;11/12/2025;municipio;CAMPO ALEGRE DE LOURDES;NOME EMPRESARIAL FUNDO MUNICIPAL DE SAUDE CAMPO ALEGRE DE LOURDES;7000;Não;
1849;11/12/2025;municipio;CAMPO ALEGRE DE LOURDES;FUNDO MUNICIPAL DE EDUCACAO DE CAMPO ALEGRE DE LOURDES;7000;Sim;
1850;11/12/2025;municipio;CARDEAL DA SILVA;MUNICIPIO DE CARDEAL DA SILVA;9000;Sim;
1851;11/12/2025;municipio;CARDEAL DA SILVA;FUNDO MUNICIPAL DE SAUDE DE CARDEAL DA SILVA;4500;Sim;
1852;11/12/2025;municipio;CARDEAL DA SILVA;FUNDO MUNICIPAL DE ASSISTENCIA SOCIAL;4500;Sim;
1853;11/12/2025;municipio;CARDEAL DA SILVA;MUNICIPIO DE CARDEAL DA SILVA;18000;Sim;
1854;11/12/2025;municipio;ITABUNA;FUNDACAO ITABUNENSE DE CULTURA E CIDADANIA;9000;Sim;
1855;11/12/2025;municipio;CONDE;MUNICIPIO DE CONDE;20000;Sim;
1856;11/12/2025;municipio;CONDE;FUNDO MUNICIPAL DE ASSISTENCIA SOCIAL DE CONDE;5000;Sim;
1857;11/12/2025;municipio;CONDE;FUNDO MUNICIPAL DE EDUCACAO - FME;5000;Sim;
1858;11/12/2025;municipio;CONDE;FUNDO MUNICIPAL DE SAUDE DE CONDE;5000;Sim;
1859;11/12/2025;municipio;CONDE;FUNDO MUNICIPAL DE EDUCACAO - FME;35000;Sim;
1860;11/12/2025;municipio;GLÓRIA;MUNICIPIO DE GLORIA;18000;Sim;
1861;11/12/2025;municipio;GLÓRIA;FUNDO MUNICIPAL DE ASSISTENCIA E BEM - ESTAR SOCIAL - FUMABES;3000;Sim;
1862;11/12/2025;municipio;GLÓRIA;SECRETARIA MUNICIPAL DE EDUCACAO DE GLORIA-BA;4000;Sim;
1863;11/12/2025;municipio;GLÓRIA;FMS-FUNDO MUNICIPAL DE SAUDE;5000;Sim;
1865;11/12/2025;municipio;GUARATINGA;MUNICIPIO DE GUARATINGA;10000;Sim;
1866;11/12/2025;municipio;GUARATINGA;FUNDO MUNICIPAL DE SAUDE DE GUARATINGA;7500;Sim;
1867;11/12/2025;municipio;GUARATINGA;FUNDO MUNICIPAL DE EDUCACAO - FME;7500;Sim;
1869;11/12/2025;municipio;JIQUIRIÇÁ;FUNDO MUNICIPAL DE EDUCACAO - FMED;910,2;;
1870;11/12/2025;municipio;JIQUIRIÇÁ;FUNDO MUNICIPAL DE SAUDE DE JIQUIRICA;910,2;;
1871;11/12/2025;municipio;IBIRAPITANGA;MUNICIPIO DE IBIRAPITANGA;15500;Sim;
1872;11/12/2025;municipio;IBIRAPITANGA;FUNDO MUNICIPAL DE EDUCACIONAL - FME;5000;Sim;
1873;11/12/2025;municipio;IBIRAPITANGA;FUNDO MUNICIPAL DE SAUDE IBIRAPITANGA;5000;Sim;
1875;11/12/2025;municipio;IBOTIRAMA;PREFEITURA MUNICIPAL DE IBOTIRAMA;22000;Sim;
1876;11/12/2025;municipio;IBOTIRAMA;FUNDO MUNICIPAL DE SAUDE;5000;Sim;
1877;11/12/2025;municipio;IBOTIRAMA;FUNDO MUNICIPAL DE EDUCACAO - FME;3000;Sim;
1878;11/12/2025;municipio;IBOTIRAMA;FUNDO MUNICIPAL DE ASSISTENCIA SOCIAL DE IBOTIRAMA;3000;Sim;
1879;11/12/2025;municipio;IBOTIRAMA;PREFEITURA MUNICIPAL DE IBOTIRAMA;33000;Sim;
1880;11/12/2025;municipio;IGRAPIÚNA;MUNICIPI DE IGRAPIUNA;7000;Sim;
1881;11/12/2025;municipio;IGRAPIÚNA;FUNDO MUNICIPAL DE SAUDE;6000;Sim;
1882;11/12/2025;municipio;IGRAPIÚNA;FUNDO MUNICIPAL DE EDUCACAO DE IGRAPIUNA;6000;Sim;
1883;11/12/2025;municipio;IGRAPIÚNA;FUNDO MUNICIPAL DE ASSISTENCIA SOCIAL;4000;Sim;
1884;11/12/2025;municipio;IGRAPIÚNA;MUNICIPI DE IGRAPIUNA;7000;Sim;
1885;11/12/2025;municipio;IGRAPIÚNA;FUNDO MUNICIPAL DE SAUDE;6000;Sim;
1886;11/12/2025;municipio;IGRAPIÚNA;FUNDO MUNICIPAL DE EDUCACAO DE IGRAPIUNA;6000;Sim;
1887;11/12/2025;municipio;IGRAPIÚNA;FUNDO MUNICIPAL DE ASSISTENCIA SOCIAL;4000;Sim;
1888;11/12/2025;municipio;ITAJU DO COLÔNIA;MUNICIPIO DE ITAJU DO COLONIA;9000;Sim;
1889;11/12/2025;municipio;ITAJU DO COLÔNIA;FUNDO MUNICIPAL DE ASSISTENCIA SOCIAL;4000;Sim;
1890;11/12/2025;municipio;ITAJU DO COLÔNIA;FUNDO MUNICIPAL DE EDUCACAO DE ITAJU DO COLONIA;4500;Sim;
1891;11/12/2025;municipio;ITAJU DO COLÔNIA;FUNDO MUNICIPAL DE SAUDE ITAJU DO COLONIA;4500;Sim;
1892;11/12/2025;municipio;ITAJU DO COLÔNIA;FUNDO MUNICIPAL DE EDUCACAO DE ITAJU DO COLONIA;22000;;
1893;11/12/2025;municipio;ITUBERÁ;MUNICIPIO DE ITUBERA;17500;Sim;
1894;11/12/2025;municipio;ITUBERÁ;FUNDO MUNICIPAL DE SAUDE DE ITUBERA;4500;Sim;
1895;11/12/2025;municipio;ITUBERÁ;FUNDO MUNICIPAL DE EDUCACAO - FME;4500;Sim;
1896;11/12/2025;municipio;ITUBERÁ;FUNDO MUNICIPAL DE ASSISTENCIA SOCIA;4500;Não;
1898;11/12/2025;municipio;JAGUARIPE;MUNICIPIO DE JAGUARIPE;13000;Não;
1899;11/12/2025;municipio;JAGUARIPE;FUNDO MUNICIPAL DE ASSISTENCIA SOCIAL - FMAS DE JAGUARIPE;3000;Sim;
1900;11/12/2025;municipio;JAGUARIPE;SECRETARIA MUNICIPAL DE EDUCACAO DE JAGUARIPE;7000;Sim;
1901;11/12/2025;municipio;JAGUARIPE;FUNDO MUNICIPAL DE SAUDE;7000;Sim;
1903;11/12/2025;municipio;LAMARÃO;MUNICIPIO DE LAMARAO;9000;Sim;
1904;11/12/2025;municipio;LAMARÃO;FUNDO MUNICIPAL DE ASSISTENCIA SOCIAL;4000;Sim;
1905;11/12/2025;municipio;LAMARÃO;SECRETARIA MUNICIPAL DE EDUCACAO, CULTURA, ESPORTE E LAZER - SMECEL;4500;Sim;
1906;11/12/2025;municipio;LAMARÃO;FUNDO MUNICIPAL DE SAUDE - FMS;4500;Sim;
1907;11/12/2025;municipio;LAMARÃO;SECRETARIA MUNICIPAL DE EDUCACAO, CULTURA, ESPORTE E LAZER - SMECEL;22000;;
1908;12/12/2025;municipio;OLIVEIRA DOS BREJINHOS;PREFEITURA MUNICIPAL DE OLIVEIRA DOS BREJINHOS;38000;Sim;
1909;12/12/2025;municipio;GLÓRIA;MUNICIPIO DE GLORIA;30000;Sim;
1910;15/12/2025;municipio;SANTO ESTÊVÃO;MUNICIPIO DE SANTO ESTEVAO;15000;Sim;
1913;15/12/2025;municipio;SANTO ESTÊVÃO;SECRETARIA DA EDUCACAO;5000;Sim;
1914;15/12/2025;municipio;SANTO ESTÊVÃO;FUNDO MUNICIPAL DE SAUDE DE SANTO ESTEVAO;5000;Sim;
1916;15/12/2025;municipio;SANTO ESTÊVÃO;SECRETARIA DA EDUCACAO;25000;Sim;
1917;15/12/2025;municipio;BOA VISTA DO TUPIM;MUNICIPIO DE BOA VISTA DO TUPIM;23000;Sim;
1918;15/12/2025;municipio;ITUBERÁ;MUNICIPIO DE ITUBERA;31000;Não;
1919;16/12/2025;municipio;GUARATINGA;MUNICIPIO DE GUARATINGA;25000;Sim;
1920;16/12/2025;municipio;JAGUARIPE;MUNICIPIO DE JAGUARIPE;30000;Não;
1921;16/12/2025;municipio;ITAJU DO COLÔNIA;MUNICIPIO DE ITAJU DO COLONIA;22000;Sim;
1922;17/12/2025;camara;GLÓRIA;CAMARA MUNICIPAL DE GLORIA;10600;Sim;
1923;17/12/2025;municipio;BOA VISTA DO TUPIM;MUNICIPIO DE BOA VISTA DO TUPIM;4000;Sim;
1924;17/12/2025;municipio;MUQUÉM DE SÃO FRANCISCO;MUNICIPIO DE MUQUEM DO SAO FRANCISCO;27000;Sim;
1925;22/12/2025;camara;APORÁ;CAMARA MUNICIPAL DE APORA;4500;Sim;
1;06/01/2026;municipio;SALVADOR;MARCONE AMARAL COSTA JUNIOR;9000;Sim;
1926;16/01/2026;camara;APORÁ;CAMARA MUNICIPAL DE APORA;15000;;
1927;16/01/2026;camara;APORÁ;CAMARA MUNICIPAL DE APORA;3000;;
1928;16/01/2026;camara;APORÁ;CAMARA MUNICIPAL DE APORA;7000;;
1929;16/01/2026;camara;APORÁ;CAMARA MUNICIPAL DE APORA;4500;;
1930;16/01/2026;camara;APORÁ;CAMARA MUNICIPAL DE APORA;4500;;
1931;16/01/2026;camara;CAMAMU;CAMAMU CAMARA DE VEREADORES;8750;Sim;
1932;16/01/2026;camara;CAMPO ALEGRE DE LOURDES;CAMARA MUNICIPAL DE CAMPO ALEGRE DE LOURDES;9000;Sim;
1933;16/01/2026;camara;CAMPO ALEGRE DE LOURDES;CAMARA MUNICIPAL DE CAMPO ALEGRE DE LOURDES;7500;Sim;
1934;16/01/2026;camara;MUQUÉM DE SÃO FRANCISCO;CAMARA MUNICIPAL DE MUQUEM DO SAO FRANCISCO;10000;Sim;
1935;16/01/2026;camara;MUQUÉM DE SÃO FRANCISCO;CAMARA MUNICIPAL DE MUQUEM DO SAO FRANCISCO;2500;Sim;
1936;16/01/2026;camara;MUQUÉM DE SÃO FRANCISCO;CAMARA MUNICIPAL DE MUQUEM DO SAO FRANCISCO;4500;Sim;
1937;16/01/2026;camara;OLIVEIRA DOS BREJINHOS;CÂMARA MUNICIPAL DE OLIVEIRA DOS BREJINHOS;10230,77;Sim;
1938;16/01/2026;camara;OLIVEIRA DOS BREJINHOS;CÂMARA MUNICIPAL DE OLIVEIRA DOS BREJINHOS;4700;Sim;
1939;16/01/2026;camara;OLIVEIRA DOS BREJINHOS;CÂMARA MUNICIPAL DE OLIVEIRA DOS BREJINHOS;4000;Sim;
1940;16/01/2026;camara;QUIJINGUE;CAMARA MUNICIPAL DE QUIJINGUE;9000;Sim;
1941;16/01/2026;camara;QUIJINGUE;CAMARA MUNICIPAL DE QUIJINGUE;4000;Sim;
1942;16/01/2026;camara;QUIJINGUE;CAMARA MUNICIPAL DE QUIJINGUE;3500;Sim;
1943;16/01/2026;camara;RAFAEL JAMBEIRO;RAFAEL JAMBEIRO CAMARA MUNICIPAL;10000;Sim;
1944;16/01/2026;camara;RAFAEL JAMBEIRO;RAFAEL JAMBEIRO CAMARA MUNICIPAL;5000;Sim;
1945;16/01/2026;camara;RAFAEL JAMBEIRO;RAFAEL JAMBEIRO CAMARA MUNICIPAL;5000;Sim;
1946;16/01/2026;camara;SANTA BÁRBARA;CAMARA MUNICIPAL DE VEREADORES DE SANTA BARBARA B;9401,4;Sim;
1947;16/01/2026;camara;SANTA BÁRBARA;CAMARA MUNICIPAL DE VEREADORES DE SANTA BARBARA B;4500;Sim;
1948;16/01/2026;camara;SANTA BÁRBARA;CAMARA MUNICIPAL DE VEREADORES DE SANTA BARBARA B;4800;Sim;
1949;16/01/2026;camara;SÁTIRO DIAS;CAMARA MUNICIPAL DE SATIRO DIAS;18000;Sim;
1950;16/01/2026;camara;SÁTIRO DIAS;CAMARA MUNICIPAL DE SATIRO DIAS;9600;Sim;
1951;16/01/2026;camara;SÁTIRO DIAS;CAMARA MUNICIPAL DE SATIRO DIAS;8400;Sim;
1952;16/01/2026;camara;VALENÇA;VALENCA-CAMARA MUNICIPAL DE VEREADORES;15000;Sim;
1953;16/01/2026;camara;GLÓRIA;CAMARA MUNICIPAL DE GLORIA;11072,76;Sim;
1954;16/01/2026;camara;GLÓRIA;CAMARA MUNICIPAL DE GLORIA;6267,6;Sim;
1955;20/01/2026;municipio;PAULO AFONSO;CONSORCIO PUBLICO INTERFEDERATIVO DE SAUDE DA REGIAO DE PAULO AFONSO;10000;Sim;
1956;20/01/2026;camara;APORÁ;CAMARA MUNICIPAL DE APORA;4500;Sim;
1957;20/01/2026;camara;APORÁ;CAMARA MUNICIPAL DE APORA;4500;Sim;
1958;20/01/2026;camara;APORÁ;CAMARA MUNICIPAL DE APORA;16500;Sim;
1959;20/01/2026;camara;APORÁ;CAMARA MUNICIPAL DE APORA;8750;Sim;
1960;21/01/2026;camara;SANTA BÁRBARA;CAMARA MUNICIPAL DE VEREADORES DE SANTA BARBARA B;4500;;
1961;21/01/2026;camara;SANTA BÁRBARA;CAMARA MUNICIPAL DE VEREADORES DE SANTA BARBARA B;4800;;
1962;26/01/2026;municipio;IBIRATAIA;MUNICIPIO DE IBIRATAIA;20000;Sim;
1963;27/01/2026;municipio;ANDORINHA;MUNICIPIO DE ANDORINHA;12050;Sim;
1964;27/01/2026;municipio;ANDORINHA;FUNDO MUNICIPAL DE ASSISTENCIA SOCIAL;6000;Sim;
1965;27/01/2026;municipio;ANDORINHA;SECRETARIA MUNICIPAL DE EDUCACAO;8000;Sim;
1966;27/01/2026;municipio;ANDORINHA;FUNDO MUNICIPAL DE SAUDE DE ANDORINHA;8000;Sim;
1967;27/01/2026;municipio;ANDORINHA;MUNICIPIO DE ANDORINHA;14000;Sim;
1968;27/01/2026;municipio;SANTA BÁRBARA;MUNICIPIO DE SANTA BARBARA;15000;Sim;
1969;27/01/2026;municipio;SANTA BÁRBARA;FUNDO MUNICIPAL DE ASSISTENCIA SOCIAL - FMAS;4500;Sim;
1970;27/01/2026;municipio;SANTA BÁRBARA;SECRETARIA MUNICIPAL DE EDUCACAO DE SANTA BARBARA;6500;Sim;
1971;27/01/2026;municipio;OLIVEIRA DOS BREJINHOS;UMSAUDE - FUNDO MUNICIPAL DE SAUDE DE SANTA BARBARA;6500;Sim;
1972;27/01/2026;municipio;BARRA DO ROCHA;MUNICIPIO DE BARRA DO ROCHA;10000;Não;
1973;27/01/2026;municipio;BARRA DO ROCHA;SECRETARIA MUNICIPAL DE EDUCACAO, CULTURA, ESPORTES E LAZER;4600;Não;
1974;27/01/2026;municipio;BARRA DO ROCHA;FUNDO MUNICIPAL DE SAUDE DE BARRA DO ROCHA-BA;4400;Não;
1975;27/01/2026;municipio;BOTUPORÃ;MUNICIPIO DE BOTUPORA;14375;Sim;
1976;27/01/2026;municipio;OLIVEIRA DOS BREJINHOS;SECRETARIA MUNICIPAL DE EDUCACAO, CULTURA, ESPORTES E LAZER;4600;;
1977;27/01/2026;municipio;OLIVEIRA DOS BREJINHOS;FUNDO MUNICIPAL DE SAUDE DE BARRA DO ROCHA-BA;4400;;
1978;27/01/2026;municipio;BOTUPORÃ;FUNDO MUNICIPAL DE EDUCACAO-FME;10062,5;Sim;
1979;27/01/2026;municipio;BOTUPORÃ;FUNDO MUNICIPAL DE SAUDE DO MUNICIPIO DE BOTUPORA;10062,5;Sim;
1980;27/01/2026;municipio;BURITIRAMA;MUNICIPIO DE BURITIRAMA;14000;Sim;
1981;27/01/2026;municipio;BURITIRAMA;SECRETARIA MUNICIPAL DE EDUCACAO;9000;Sim;
1982;27/01/2026;municipio;BURITIRAMA;FUNDO MUNICIPAL DE SAUDE DE BURITIRAMA;9000;Sim;
1983;27/01/2026;municipio;BURITIRAMA;MUNICIPIO DE BURITIRAMA;8100;Sim;
1984;27/01/2026;municipio;OLIVEIRA DOS BREJINHOS;MUNICIPIO DE BOM JESUS DA LAPA;23100;Sim;
1985;27/01/2026;municipio;BOM JESUS DA LAPA;FUNDO MUNICIPAL DE ASSISTENCIA SOCIAL - FMAS;3300;Sim;
1986;27/01/2026;municipio;OLIVEIRA DOS BREJINHOS;FUNDO MUNICIPAL DE EDUCACAO DO MUNICIPIO DE BOM JESUS DA LAPA;3300;Sim;
1987;27/01/2026;municipio;OLIVEIRA DOS BREJINHOS;NOME EMPRESARIAL FUNDO MUNICIPAL DE SAUDE DE BOM JESUS DA LAPA;3300;Sim;
1988;27/01/2026;municipio;OLIVEIRA DOS BREJINHOS;MUNICIPIO DE BOM JESUS DA LAPA;16500;Sim;
1989;27/01/2026;municipio;CARDEAL DA SILVA;MUNICIPIO DE CARDEAL DA SILVA;11250;;
1990;27/01/2026;municipio;CARDEAL DA SILVA;FUNDO MUNICIPAL DE ASSISTENCIA SOCIAL;5625;Sim;
1991;27/01/2026;municipio;CARDEAL DA SILVA;FUNDO MUNICIPAL DE SAUDE DE CARDEAL DA SILVA;5625;Sim;
1992;27/01/2026;municipio;CAMPO ALEGRE DE LOURDES;MUNICIPIO DE CAMPO ALEGRE DE LOURDES;12000;Não;
1993;27/01/2026;municipio;CAMPO ALEGRE DE LOURDES;FUNDO MUNICIPAL DE ASSISTENCIA SOCIAL;6000;Não;
1994;27/01/2026;municipio;CAMPO ALEGRE DE LOURDES;NOME EMPRESARIAL FUNDO MUNICIPAL DE SAUDE CAMPO ALEGRE DE LOURDES;7000;Não;
1995;27/01/2026;municipio;CAMPO ALEGRE DE LOURDES;FUNDO MUNICIPAL DE EDUCACAO DE CAMPO ALEGRE DE LOURDES;7000;Não;
1996;27/01/2026;municipio;CONCEIÇÃO DA FEIRA;MUNICIPIO DE CONCEICAO DA FEIRA;6500;Sim;
1997;27/01/2026;municipio;CONDE;MUNICIPIO DE CONDE;20000;Sim;
1998;27/01/2026;municipio;CONDE;FUNDO MUNICIPAL DE ASSISTENCIA SOCIAL DE CONDE;5000;Sim;
1999;27/01/2026;municipio;CONDE;FUNDO MUNICIPAL DE EDUCACAO - FME;5000;Sim;
2000;27/01/2026;municipio;CONDE;FUNDO MUNICIPAL DE SAUDE DE CONDE;5000;Sim;
2001;27/01/2026;municipio;CANDEIAS;MUNICIPIO DE CANDEIAS;25500;Sim;
2002;27/01/2026;municipio;QUIJINGUE;MUNICIPIO DE QUIJINGUE;13000;Sim;
2003;27/01/2026;municipio;QUIJINGUE;FUNDO MUNICIPAL DE ASSISTENCIA SOCIAL;5000;Sim;
2004;27/01/2026;municipio;QUIJINGUE;SECRETARIA MUNICIPAL DA EDUCACAO;6000;Sim;
2005;27/01/2026;municipio;QUIJINGUE;FUNDO MUNICIPAL DE SAUDE DE QUIJINGUE;5000;Sim;
2006;27/01/2026;municipio;PEDRO ALEXANDRE;MUNICIPIO DE PEDRO ALEXANDRE;18000;Sim;
2007;27/01/2026;municipio;PEDRO ALEXANDRE;FUNDO MUNICIPAL DE SAUDE;7000;Sim;
2008;27/01/2026;municipio;IGRAPIÚNA;MUNICIPI DE IGRAPIUNA;7083,09;Sim;
2009;27/01/2026;municipio;IGRAPIÚNA;FUNDO MUNICIPAL DE SAUDE;6071,22;Sim;
2010;27/01/2026;municipio;IGRAPIÚNA;FUNDO MUNICIPAL DE EDUCACAO DE IGRAPIUNA;6071,22;Sim;
2011;27/01/2026;municipio;IGRAPIÚNA;FUNDO MUNICIPAL DE ASSISTENCIA SOCIAL;4047,48;Sim;
2012;27/01/2026;municipio;SÃO FELIPE;MUNICIPIO DE SAO FELIPE;12000;Sim;
2013;27/01/2026;municipio;OLIVEIRA DOS BREJINHOS;FUNDO MUNICIPAL DE ACAO SOCIAL;3000;Sim;
2014;27/01/2026;municipio;SÃO FELIPE;SECRETARIA MUNICIPAL DE EDUCACAO DE SAO FELIPE;4000;Sim;
2015;27/01/2026;municipio;SÃO FELIPE;FUNDO MUNICIPAL DE SAUDE;6000;Não;
2016;27/01/2026;municipio;SÃO FELIPE;MUNICIPIO DE SAO FELIPE;10000;Sim;
2017;27/01/2026;municipio;IBIRAPITANGA;MUNICIPIO DE IBIRAPITANGA;15500;Sim;
2018;27/01/2026;municipio;IBIRAPITANGA;FUNDO MUNICIPAL DE EDUCACIONAL - FME;5000;Sim;
2019;27/01/2026;municipio;IBIRAPITANGA;FUNDO MUNICIPAL DE SAUDE IBIRAPITANGA;5000;Sim;
2020;27/01/2026;municipio;JAGUARIPE;MUNICIPIO DE JAGUARIPE;13000;Sim;
2021;27/01/2026;municipio;JAGUARIPE;FUNDO MUNICIPAL DE ASSISTENCIA SOCIAL - FMAS DE JAGUARIPE;3000;Sim;
2022;27/01/2026;municipio;JAGUARIPE;SECRETARIA MUNICIPAL DE EDUCACAO DE JAGUARIPE;7000;Sim;
2023;27/01/2026;municipio;JAGUARIPE;FUNDO MUNICIPAL DE SAUDE;7000;Sim;
2024;27/01/2026;municipio;SEABRA;MUNICIPIO DE SEABRA;15000;Sim;
2025;27/01/2026;municipio;SEABRA;FUNDO MUNICIPAL DE ASSISTENCIA SOCIAL DE SEABRA;5000;Sim;
2026;27/01/2026;municipio;SEABRA;FUNDO MUNICIPAL DE SAUDE;5000;Sim;
2027;27/01/2026;municipio;SEABRA;FUNDO MUNICIPAL DE EDUCACAO - FME;5000;Sim;
2028;27/01/2026;municipio;OLIVEIRA DOS BREJINHOS;MUNICIPIO DE SEABRA;9600;Sim;
2029;27/01/2026;municipio;MUQUÉM DE SÃO FRANCISCO;MUNICIPIO DE MUQUEM DO SAO FRANCISCO;9600;;
2030;27/01/2026;municipio;MUQUÉM DE SÃO FRANCISCO;FUNDO MUNICIPAL DE SAUDE;3000;;
2031;27/01/2026;municipio;OLIVEIRA DOS BREJINHOS;SECRETARIA MUNICIPAL DA EDUCACAO SEMED;4000;Sim;
2032;27/01/2026;municipio;MUQUÉM DE SÃO FRANCISCO;FUNDO MUNICIPAL DE ASSISTENCIA SOCIAL;1200;;
2033;27/01/2026;municipio;MUQUÉM DE SÃO FRANCISCO;MUNICIPIO DE MUQUEM DO SAO FRANCISCO;4500;Sim;
2034;27/01/2026;municipio;OLIVEIRA DOS BREJINHOS;SECRETARIA MUNICIPAL DA EDUCACAO SEMED;4500;Sim;
2035;27/01/2026;municipio;MUQUÉM DE SÃO FRANCISCO;MUNICIPIO DE MUQUEM DO SAO FRANCISCO;20000;Sim;
2036;27/01/2026;municipio;SOUTO SOARES;MUNICIPIO DE SOUTO SOARES;6000;Sim;
2037;27/01/2026;municipio;SOUTO SOARES;FUNDO MUNICIPAL DE SAUDE DE SOUTO SOARES;4000;Sim;
2038;27/01/2026;municipio;SOUTO SOARES;FUNDO MUNICIPAL DE EDUCACAO DE SOUTO SOARES;4000;Sim;
2039;27/01/2026;municipio;SOUTO SOARES;FUNDO MUNICIPAL DE ASSISTENCIA SOCIAL DE SOUTO SOARES;4000;Sim;
2040;27/01/2026;municipio;ITAJU DO COLÔNIA;MUNICIPIO DE ITAJU DO COLONIA;9000;Sim;
2041;27/01/2026;municipio;ITAJU DO COLÔNIA;FUNDO MUNICIPAL DE ASSISTENCIA SOCIAL;4000;Sim;
2042;27/01/2026;municipio;ITAJU DO COLÔNIA;FUNDO MUNICIPAL DE EDUCACAO DE ITAJU DO COLONIA;4500;Sim;
2043;27/01/2026;municipio;ITAJU DO COLÔNIA;FUNDO MUNICIPAL DE SAUDE ITAJU DO COLONIA;4500;Sim;
2044;28/01/2026;municipio;OLIVEIRA DOS BREJINHOS;PREFEITURA MUNICIPAL DE OLIVEIRA DOS BREJINHOS;12000;Sim;
2045;28/01/2026;municipio;OLIVEIRA DOS BREJINHOS;FUNDO MUNIC. DE ASS. SOCIAL - OLIV. DOS BREJINHOS;8000;Sim;
2046;28/01/2026;municipio;OLIVEIRA DOS BREJINHOS;SECRETARIA DE EDUCACAO DE OLIVEIRA DOS BREJINHOS;9000;Sim;
2047;28/01/2026;municipio;OLIVEIRA DOS BREJINHOS;F. M. S. - Oliveira dos Brejinhos;9000;Sim;
2048;28/01/2026;municipio;OLIVEIRA DOS BREJINHOS;SECRETARIA DE EDUCACAO DE OLIVEIRA DOS BREJINHOS;8000;Sim;
2049;28/01/2026;municipio;WENCESLAU GUIMARÃES;MUNICIPIO DE WENCESLAU GUIMARAES;18000;Sim;
2050;28/01/2026;municipio;WENCESLAU GUIMARÃES;FUNDO MUNICIPAL DE SAUDE FMS;6500;Sim;
2051;28/01/2026;municipio;WENCESLAU GUIMARÃES;FUNDO MUNICIPAL DE EDUCACAO - FME DO MUNICIPIO DE WENCESLAU GUIMARAES;4000;Sim;
2052;28/01/2026;municipio;WENCESLAU GUIMARÃES;FUNDO MUNICIPAL DE ASSISTENCIA SOCIAL;4000;Sim;
2053;28/01/2026;municipio;WENCESLAU GUIMARÃES;MUNICIPIO DE WENCESLAU GUIMARAES;5000;Sim;
2054;28/01/2026;municipio;WENCESLAU GUIMARÃES;MUNICIPIO DE WENCESLAU GUIMARAES;10000;Sim;
2055;28/01/2026;municipio;SÃO MIGUEL DAS MATAS;MUNICIPIO DE SAO MIGUEL DAS MATAS;20625;;
2056;28/01/2026;municipio;SÃO MIGUEL DAS MATAS;MUNICIPIO DE SAO MIGUEL DAS MATAS;7667;Sim;
2057;28/01/2026;municipio;ITABUNA;FUNDACAO ITABUNENSE DE CULTURA E CIDADANIA;9000;Sim;
2058;28/01/2026;municipio;GUARATINGA;MUNICIPIO DE GUARATINGA;10000;Sim;
2059;28/01/2026;municipio;GUARATINGA;FUNDO MUNICIPAL DE SAUDE DE GUARATINGA;7500;Sim;
2060;28/01/2026;municipio;GUARATINGA;FUNDO MUNICIPAL DE EDUCACAO - FME;7500;Sim;
2061;28/01/2026;municipio;GLÓRIA;MUNICIPIO DE GLORIA;17000;Sim;
2061;28/01/2026;municipio;GLÓRIA;MUNICIPIO DE GLORIA;1000;Não;
2062;28/01/2026;municipio;GLÓRIA;FUNDO MUNICIPAL DE ASSISTENCIA E BEM - ESTAR SOCIAL - FUMABES;3000;Sim;
2063;28/01/2026;municipio;GLÓRIA;SECRETARIA MUNICIPAL DE EDUCACAO DE GLORIA-BA;4000;Sim;
2064;28/01/2026;municipio;GLÓRIA;FMS-FUNDO MUNICIPAL DE SAUDE;5000;Sim;
2065;28/01/2026;municipio;JIQUIRIÇÁ;FUNDO MUNICIPAL DE EDUCACAO - FMED;910,2;Sim;
2066;28/01/2026;municipio;JIQUIRIÇÁ;FUNDO MUNICIPAL DE SAUDE DE JIQUIRICA;910,2;Sim;
2067;28/01/2026;municipio;IBOTIRAMA;PREFEITURA MUNICIPAL DE IBOTIRAMA;22000;Sim;
2068;28/01/2026;municipio;IBOTIRAMA;FUNDO MUNICIPAL DE SAUDE;5000;Sim;
2069;28/01/2026;municipio;OLIVEIRA DOS BREJINHOS;FUNDO MUNICIPAL DE EDUCACAO - FME;3000;Sim;
2070;28/01/2026;municipio;OLIVEIRA DOS BREJINHOS;FUNDO MUNICIPAL DE ASSISTENCIA SOCIAL DE IBOTIRAMA;3000;Sim;
2071;28/01/2026;municipio;SANTO ESTÊVÃO;MUNICIPIO DE SANTO ESTEVAO;15000;;
2072;28/01/2026;municipio;SANTO ESTÊVÃO;SECRETARIA DA EDUCACAO;5000;;
2073;28/01/2026;municipio;OLIVEIRA DOS BREJINHOS;FUNDO MUNICIPAL DE SAUDE DE SANTO ESTEVAO;5000;;
2074;28/01/2026;municipio;SANTO ESTÊVÃO;MUNICIPIO DE SANTO ESTEVAO;15000;Sim;
2075;28/01/2026;municipio;SANTO ESTÊVÃO;SECRETARIA DA EDUCACAO;5000;Sim;
2076;28/01/2026;municipio;OLIVEIRA DOS BREJINHOS;FUNDO MUNICIPAL DE SAUDE DE SANTO ESTEVAO;5000;Sim;
2077;28/01/2026;municipio;CARDEAL DA SILVA;MUNICIPIO DE CARDEAL DA SILVA;11250;Sim;
2078;30/01/2026;municipio;BURITIRAMA;MUNICIPIO DE BURITIRAMA;32000;Sim;
2079;30/01/2026;municipio;BOA VISTA DO TUPIM;MUNICIPIO DE BOA VISTA DO TUPIM;6500;Sim;
2080;30/01/2026;municipio;BOA VISTA DO TUPIM;FUNDO MUNICIPAL DE ASSISTENCIA SOCIAL FMAS;4000;Sim;
2081;30/01/2026;municipio;BOA VISTA DO TUPIM;FUNDO MUNICIPAL DE EDUCACAO - FME;4000;;
2082;30/01/2026;municipio;BOA VISTA DO TUPIM;FUNDO MUNICIPAL DE SAUDE FUNSAUDE;4000;Sim;
2083;30/01/2026;municipio;BOA VISTA DO TUPIM;MUNICIPIO DE BOA VISTA DO TUPIM;4500;Sim;
2084;30/01/2026;municipio;ITABUNA;RCX LOCACOES E SERVICOS LTDA;12000;;
2085;30/01/2026;municipio;ITUBERÁ;MUNICIPIO DE ITUBERA;17500;Não;
2086;30/01/2026;municipio;ITUBERÁ;FUNDO MUNICIPAL DE SAUDE DE ITUBERA;4500;Não;
2087;30/01/2026;municipio;ITUBERÁ;FUNDO MUNICIPAL DE EDUCACAO - FME;4500;Não;
2088;30/01/2026;municipio;ITUBERÁ;FUNDO MUNICIPAL DE ASSISTENCIA SOCIA;4500;Não;
2089;02/02/2026;municipio;BOA VISTA DO TUPIM;MUNICIPIO DE BOA VISTA DO TUPIM;4000;Sim;
2090;03/02/2026;municipio;SALVADOR;FABRICIO DIAS NUNES DA SILVA;11200;;
2091;03/02/2026;municipio;SALVADOR;FABRICIO DIAS NUNES DA SILVA;11200;;
2092;04/02/2026;municipio;CAMPO ALEGRE DE LOURDES;MUNICIPIO DE CAMPO ALEGRE DE LOURDES;1000;;
2093;04/02/2026;municipio;SALVADOR;MARCONE AMARAL COSTA JUNIOR;9000;;
2094;05/02/2026;municipio;LAMARÃO;FUNDO MUNICIPAL DE SAUDE - FMS;4500;Sim;
2095;05/02/2026;municipio;LAMARÃO;SECRETARIA MUNICIPAL DE EDUCACAO, CULTURA, ESPORTE E LAZER -;4500;Sim;
2096;05/02/2026;municipio;LAMARÃO;FUNDO MUNICIPAL DE ASSISTENCIA SOCIAL;4000;Sim;
2097;05/02/2026;municipio;LAMARÃO;MUNICIPIO DE LAMARAO;9000;Sim;
2098;09/02/2026;municipio;MUQUÉM DE SÃO FRANCISCO;FUNDO MUNICIPAL DE ASSISTENCIA SOCIAL;2000;Sim;
2099;09/02/2026;municipio;MUQUÉM DE SÃO FRANCISCO;MUNICIPIO DE MUQUEM DO SAO FRANCISCO;16000;Sim;
2100;10/02/2026;municipio;MUQUÉM DE SÃO FRANCISCO;FUNDO MUNICIPAL DE SAUDE;5000;Sim;
2101;10/02/2026;municipio;BARROCAS;MUNICIPIO DE BARROCAS;9383,79;Sim;
2102;10/02/2026;municipio;BARROCAS;MUNICIPIO DE BARROCAS;4170,58;Não;
2103;10/02/2026;municipio;BARROCAS;FUNDO MUNICIPAL DE SAUDE;4170,58;Não;
2104;10/02/2026;municipio;BARROCAS;MUNICIPIO DE BARROCAS;4691,9;Sim;
2105;10/02/2026;municipio;BARROCAS;MUNICIPIO DE BARROCAS;4691,9;Sim;
2106;10/02/2026;municipio;BARROCAS;FUNDO MUNICIPAL DE ASSISTENCIA SOCIAL - FMAS;4170,58;Não;
2107;13/02/2026;municipio;SÃO MIGUEL DAS MATAS;MUNICIPIO DE SAO MIGUEL DAS MATAS;20625;Sim;
2110;18/02/2026;camara;APORÁ;CAMARA MUNICIPAL DE APORA;16500;Sim;
2111;19/02/2026;camara;APORÁ;CAMARA MUNICIPAL DE APORA;8750;Sim;
2112;19/02/2026;camara;APORÁ;CAMARA MUNICIPAL DE APORA;4500;Sim;
2113;19/02/2026;camara;APORÁ;CAMARA MUNICIPAL DE APORA;4500;;
2114;19/02/2026;camara;CAMAMU;CAMAMU CAMARA DE VEREADORES;8750;Sim;
2115;19/02/2026;camara;CAMPO ALEGRE DE LOURDES;CAMARA MUNICIPAL DE CAMPO ALEGRE DE LOURDES;9000;Sim;
2116;19/02/2026;camara;CAMPO ALEGRE DE LOURDES;CAMARA MUNICIPAL DE CAMPO ALEGRE DE LOURDES;7500;;
2117;19/02/2026;camara;GLÓRIA;CAMARA MUNICIPAL DE GLORIA;11072,76;Sim;
2118;19/02/2026;camara;GLÓRIA;CAMARA MUNICIPAL DE GLORIA;6267,6;Sim;
2119;19/02/2026;camara;MUQUÉM DE SÃO FRANCISCO;CAMARA MUNICIPAL DE MUQUEM DO SAO FRANCISCO;10000;Sim;
2120;19/02/2026;camara;MUQUÉM DE SÃO FRANCISCO;CAMARA MUNICIPAL DE MUQUEM DO SAO FRANCISCO;2500;Sim;
2121;19/02/2026;camara;MUQUÉM DE SÃO FRANCISCO;CAMARA MUNICIPAL DE MUQUEM DO SAO FRANCISCO;4500;;
2122;19/02/2026;camara;OLIVEIRA DOS BREJINHOS;CÂMARA MUNICIPAL DE OLIVEIRA DOS BREJINHOS;10230,77;Sim;
2123;19/02/2026;camara;OLIVEIRA DOS BREJINHOS;CÂMARA MUNICIPAL DE OLIVEIRA DOS BREJINHOS;4700;Sim;
2124;19/02/2026;camara;OLIVEIRA DOS BREJINHOS;CÂMARA MUNICIPAL DE OLIVEIRA DOS BREJINHOS;4000;Sim;
2125;19/02/2026;camara;QUIJINGUE;CAMARA MUNICIPAL DE QUIJINGUE;9000;Sim;
2126;19/02/2026;camara;QUIJINGUE;CAMARA MUNICIPAL DE QUIJINGUE;4000;Sim;
2127;19/02/2026;camara;QUIJINGUE;CAMARA MUNICIPAL DE QUIJINGUE;3500;Sim;
2128;19/02/2026;camara;RAFAEL JAMBEIRO;RAFAEL JAMBEIRO CAMARA MUNICIPAL;10000;Sim;
2129;19/02/2026;camara;RAFAEL JAMBEIRO;RAFAEL JAMBEIRO CAMARA MUNICIPAL;5000;Sim;
2130;19/02/2026;camara;RAFAEL JAMBEIRO;RAFAEL JAMBEIRO CAMARA MUNICIPAL;5000;Sim;
2131;19/02/2026;camara;SÁTIRO DIAS;CAMARA MUNICIPAL DE SATIRO DIAS;18000;Sim;
2132;19/02/2026;camara;SÁTIRO DIAS;CAMARA MUNICIPAL DE SATIRO DIAS;9600;Sim;
2133;19/02/2026;camara;SÁTIRO DIAS;CAMARA MUNICIPAL DE SATIRO DIAS;8400;Sim;
2134;19/02/2026;camara;SANTA BÁRBARA;CAMARA MUNICIPAL DE VEREADORES DE SANTA BARBARA B;9401,4;Sim;
2135;19/02/2026;camara;SANTA BÁRBARA;CAMARA MUNICIPAL DE VEREADORES DE SANTA BARBARA B;4500;Sim;
2136;19/02/2026;camara;SANTA BÁRBARA;CAMARA MUNICIPAL DE VEREADORES DE SANTA BARBARA B;4800;Sim;
2137;19/02/2026;camara;VALENÇA;VALENCA-CAMARA MUNICIPAL DE VEREADORES;15000;Sim;
2138;19/02/2026;camara;APORÁ;CAMARA MUNICIPAL DE APORA;4500;Sim;
2139;19/02/2026;camara;CAMPO ALEGRE DE LOURDES;CAMARA MUNICIPAL DE CAMPO ALEGRE DE LOURDES;7500;Sim;
2140;19/02/2026;camara;MUQUÉM DE SÃO FRANCISCO;CAMARA MUNICIPAL DE MUQUEM DO SAO FRANCISCO;4500;Sim;
2141;19/02/2026;municipio;PAULO AFONSO;CONSORCIO PUBLICO INTERFEDERATIVO DE SAUDE DA REGIAO DE PAULO AFONSO;10000;Sim;
2142;21/02/2026;camara;APORÁ;CAMARA MUNICIPAL DE APORA;8750;;
2143;23/02/2026;camara;NORDESTINA;CAMARA DE VEREADORES DE NORDESTINA;2500;;
2144;23/02/2026;camara;NORDESTINA;CAMARA DE VEREADORES DE NORDESTINA;2500;;
2146;24/02/2026;municipio;SOUTO SOARES;MUNICIPIO DE SOUTO SOARES;6000;Sim;
2147;24/02/2026;municipio;SOUTO SOARES;FUNDO MUNICIPAL DE SAUDE DE SOUTO SOARES;4000;Sim;
2148;24/02/2026;municipio;SOUTO SOARES;FUNDO MUNICIPAL DE EDUCACAO DE SOUTO SOARES;4000;Sim;
2149;24/02/2026;municipio;SOUTO SOARES;FUNDO MUNICIPAL DE ASSISTENCIA SOCIAL DE SOUTO SOARES;4000;Sim;
2150;25/02/2026;camara;APORÁ;CAMARA MUNICIPAL DE APORA;16500;;
2151;25/02/2026;municipio;BARROCAS;MUNICIPIO DE BARROCAS;4691,9;Sim;
2152;25/02/2026;municipio;BARROCAS;FUNDO MUNICIPAL DE ASSISTENCIA SOCIAL - FMAS;4170,58;Não;
2153;25/02/2026;municipio;BARRA DO ROCHA;MUNICIPIO DE BARRA DO ROCHA;10000;Não;
2154;25/02/2026;municipio;BURITIRAMA;SECRETARIA MUNICIPAL DE EDUCACAO;9000;Sim;
2155;25/02/2026;municipio;BOM JESUS DA LAPA;FUNDO MUNICIPAL DE EDUCACAO DO MUNICIPIO DE BOM JESUS DA LAP;3000;Sim;
2156;25/02/2026;municipio;BOTUPORÃ;FUNDO MUNICIPAL DE SAUDE DO MUNICIPIO DE BOTUPORA;10062,5;Sim;
2157;25/02/2026;municipio;GLÓRIA;FUNDO MUNICIPAL DE ASSISTENCIA E BEM - ESTAR SOCIAL - FUMABE;3000;Não;
2158;25/02/2026;municipio;CARDEAL DA SILVA;FUNDO MUNICIPAL DE ASSISTENCIA SOCIAL;5625;Sim;
2159;25/02/2026;municipio;IGRAPIÚNA;FUNDO MUNICIPAL DE EDUCACAO DE IGRAPIUNA;6071,22;Sim;
2160;25/02/2026;municipio;CONDE;FUNDO MUNICIPAL DE EDUCACAO - FME;5000;Sim;
2161;25/02/2026;municipio;IBIRATAIA;MUNICIPIO DE IBIRATAIA;20000;Sim;
2162;25/02/2026;municipio;JAGUARIPE;FUNDO MUNICIPAL DE SAUDE;7000;Sim;
2163;25/02/2026;municipio;LAMARÃO;MUNICIPIO DE LAMARAO;9000;Não;
2164;25/02/2026;municipio;ITUBERÁ;FUNDO MUNICIPAL DE SAUDE DE ITUBERA;4500;Não;
2165;25/02/2026;municipio;OLIVEIRA DOS BREJINHOS;SECRETARIA DE EDUCACAO DE OLIVEIRA DOS BREJINHOS;9000;Sim;
2166;25/02/2026;municipio;SOUTO SOARES;FUNDO MUNICIPAL DE SAUDE DE SOUTO SOARES;4000;;
2167;25/02/2026;municipio;SEABRA;MUNICIPIO DE SEABRA;9600;Sim;
2168;25/02/2026;municipio;BARROCAS;MUNICIPIO DE BARROCAS;9383,79;Sim;
2169;25/02/2026;municipio;BARRA DO ROCHA;SECRETARIA MUNICIPAL DE EDUCACAO, CULTURA, ESPORTES E LAZER;4600;Não;
2170;25/02/2026;municipio;PAULO AFONSO;CONSORCIO PUBLICO INTERFEDERATIVO DE SAUDE DA REGIAO DE PAUL;10000;;
2171;25/02/2026;municipio;BOTUPORÃ;MUNICIPIO DE BOTUPORA;14375;Sim;
2172;25/02/2026;municipio;CARDEAL DA SILVA;FUNDO MUNICIPAL DE SAUDE DE CARDEAL DA SILVA;5625;Sim;
2173;25/02/2026;municipio;SÃO FELIPE;SECRETARIA MUNICIPAL DE EDUCACAO DE SAO FELIPE;4000;Sim;
2174;25/02/2026;municipio;CONDE;FUNDO MUNICIPAL DE ASSISTENCIA SOCIAL DE CONDE;5000;Sim;
2175;25/02/2026;municipio;IBOTIRAMA;MUNICIPIO DE IBOTIRAMA;22000;Sim;
2176;25/02/2026;municipio;IBOTIRAMA;FUNDO MUNICIPAL DE EDUCACAO - FME;3000;Sim;
2177;25/02/2026;municipio;JAGUARIPE;MUNICIPIO DE JAGUARIPE;13000;Não;
2178;25/02/2026;municipio;BARROCAS;FUNDO MUNICIPAL DE SAUDE;4170,58;Não;
2179;25/02/2026;municipio;JAGUARIPE;SECRETARIA MUNICIPAL DE EDUCACAO DE JAGUARIPE;7000;Sim;
2180;25/02/2026;municipio;SANTA BÁRBARA;FUMSAUDE - FUNDO MUNICIPAL DE SAUDE DE SANTA BARBARA;6500;Sim;
2181;25/02/2026;municipio;OLIVEIRA DOS BREJINHOS;FUNDO MUNICIPAL DE ASSISTENCIA SOCIAL - OLIVEIRA DOS BREJINH;8000;Sim;
2182;25/02/2026;municipio;BURITIRAMA;MUNICIPIO DE BURITIRAMA;14000;Sim;
2183;25/02/2026;municipio;ANDORINHA;FUNDO MUNICIPAL DE ASSISTENCIA SOCIAL;6000;;
2184;25/02/2026;municipio;ANDORINHA;FUNDO MUNICIPAL DE ASSISTENCIA SOCIAL;6000;;
2185;25/02/2026;municipio;GLÓRIA;MUNICIPIO DE GLORIA;18000;Não;
2186;25/02/2026;municipio;BARRA DO ROCHA;FUNDO MUNICIPAL DE SAUDE DE BARRA DO ROCHA-BA;4400;Não;
2187;25/02/2026;municipio;CAMPO ALEGRE DE LOURDES;FUNDO MUNICIPAL DE EDUCACAO DE CAMPO ALEGRE DE LOURDES;7000;Não;
2188;25/02/2026;municipio;BOM JESUS DA LAPA;MUNICIPIO DE BOM JESUS DA LAPA;16500;Sim;
2189;25/02/2026;municipio;GUARATINGA;FUNDO MUNICIPAL DE SAUDE DE GUARATINGA;7500;Sim;
2190;25/02/2026;municipio;IGRAPIÚNA;FUNDO MUNICIPAL DE ASSISTENCIA SOCIAL;4047,48;Sim;
2191;25/02/2026;municipio;CONDE;MUNICIPIO DE CONDE;20000;Sim;
2192;25/02/2026;municipio;SEABRA;MUNICIPIO DE SEABRA;15000;;
2193;25/02/2026;municipio;IBOTIRAMA;FUNDO MUNICIPAL DE ASSISTENCIA SOCIAL DE IBOTIRAMA;3000;Sim;
2194;25/02/2026;municipio;JAGUARIPE;MUNICIPIO DE JAGUARIPE;6000;;
2195;25/02/2026;municipio;BARROCAS;MUNICIPIO DE BARROCAS;4170,58;Não;
2196;25/02/2026;municipio;JAGUARIPE;FUNDO MUNICIPAL DE ASSISTENCIA SOCIAL - FMAS DE JAGUARIPE;3000;Sim;
2197;25/02/2026;municipio;BOTUPORÃ;FUNDO MUNICIPAL DE EDUCACAO-FME;10062;Sim;
2198;25/02/2026;municipio;OLIVEIRA DOS BREJINHOS;SECRETARIA DE EDUCACAO DE OLIVEIRA DOS BREJINHOS;8000;Sim;
2199;25/02/2026;municipio;IGRAPIÚNA;MUNICIPIO DE IGRAPIUNA;7083,09;Sim;
2200;25/02/2026;municipio;OLIVEIRA DOS BREJINHOS;MUNICIPIO DE OLIVEIRA DOS BREJINHOS;12000;Sim;
2201;25/02/2026;municipio;JAGUARIPE;MUNICIPIO DE JAGUARIPE;4000;;
2202;25/02/2026;municipio;SEABRA;MUNICIPIO DE SEABRA;15000;;
2203;25/02/2026;municipio;SÃO FELIPE;FUNDO MUNICIPAL DE ACAO SOCIAL;3000;Não;
2204;25/02/2026;municipio;OLIVEIRA DOS BREJINHOS;FUNDO MUNICIPAL DE SAUDE - OLIVEIRA DOS BREJINHOS;9000;Sim;
2205;25/02/2026;municipio;BOM JESUS DA LAPA;FUNDO MUNICIPAL DE ASSISTENCIA SOCIAL - FMAS;3300;Sim;
2206;25/02/2026;municipio;WENCESLAU GUIMARÃES;MUNICIPIO DE WENCESLAU GUIMARAES;4000;;
2207;25/02/2026;municipio;CAMPO ALEGRE DE LOURDES;MUNICIPIO DE CAMPO ALEGRE DE LOURDES;12000;;
2208;25/02/2026;municipio;CARDEAL DA SILVA;MUNICIPIO DE CARDEAL DA SILVA;11250;Sim;
2209;25/02/2026;municipio;WENCESLAU GUIMARÃES;MUNICIPIO DE WENCESLAU GUIMARAES;18000;Sim;
2210;25/02/2026;municipio;BOA VISTA DO TUPIM;MUNICIPIO DE BOA VISTA DO TUPIM;4000;Sim;
2211;25/02/2026;municipio;SEABRA;FUNDO MUNICIPAL DE SAUDE;5000;Sim;
2212;25/02/2026;municipio;ANDORINHA;FUNDO MUNICIPAL DE ASSISTENCIA SOCIAL;6000;;
2213;25/02/2026;municipio;ITAJU DO COLÔNIA;FUNDO MUNICIPAL DE EDUCACAO DE ITAJU DO COLONIA;4500;Sim;
2214;25/02/2026;municipio;CAMPO ALEGRE DE LOURDES;MUNICIPIO DE CAMPO ALEGRE DE LOURDES;12000;Não;
2215;25/02/2026;municipio;BARROCAS;MUNICIPIO DE BARROCAS;4691,9;Não;
2216;25/02/2026;municipio;SÃO MIGUEL DAS MATAS;MUNICIPIO DE SAO MIGUEL DAS MATAS;7667;Sim;
2217;25/02/2026;municipio;GUARATINGA;MUNICIPIO DE GUARATINGA;10000;Sim;
2218;25/02/2026;municipio;BOA VISTA DO TUPIM;MUNICIPIO DE BOA VISTA DO TUPIM;6500;Sim;
2219;25/02/2026;municipio;GLÓRIA;SECRETARIA MUNICIPAL DE EDUCACAO DE GLORIA-BA;4000;Sim;
2220;25/02/2026;municipio;BURITIRAMA;MUNICIPIO DE BURITIRAMA;8100;Sim;
2221;25/02/2026;municipio;ITAJU DO COLÔNIA;FUNDO MUNICIPAL DE ASSISTENCIA SOCIAL;4000;Sim;
2222;25/02/2026;municipio;IGRAPIÚNA;FUNDO MUNICIPAL DE SAUDE IGRAPIUNA;6071,22;Sim;
2223;25/02/2026;municipio;GLÓRIA;FMS-FUNDO MUNICIPAL DE SAUDE;5000;Não;
2224;25/02/2026;municipio;LAMARÃO;FUNDO MUNICIPAL DE SAUDE - FMS;4500;Sim;
2225;25/02/2026;municipio;LAMARÃO;SECRETARIA MUNICIPAL DE EDUCACAO, CULTURA, ESPORTE E LAZER -;4500;Sim;
2226;25/02/2026;municipio;LAMARÃO;FUNDO MUNICIPAL DE ASSISTENCIA SOCIAL;4000;Não;
2227;25/02/2026;municipio;PEDRO ALEXANDRE;FUNDO MUNICIPAL DE SAUDE - FUNSAUDE;7000;Sim;
2228;25/02/2026;municipio;QUIJINGUE;MUNICIPIO DE QUIJINGUE;13000;Sim;
2229;25/02/2026;municipio;PEDRO ALEXANDRE;MUNICIPIO DE PEDRO ALEXANDRE;18000;Sim;
2230;25/02/2026;municipio;SÃO FELIPE;MUNICIPIO DE SAO FELIPE;10000;Sim;
2231;25/02/2026;municipio;WENCESLAU GUIMARÃES;MUNICIPIO DE WENCESLAU GUIMARAES;5000;;
2232;25/02/2026;municipio;SÃO MIGUEL DAS MATAS;MUNICIPIO DE SAO MIGUEL DAS MATAS;20625;Sim;
2233;25/02/2026;municipio;WENCESLAU GUIMARÃES;FUNDO MUNICIPAL DE SAUDE FMS;6500;Sim;
2234;25/02/2026;municipio;BOA VISTA DO TUPIM;MUNICIPIO DE BOA VISTA DO TUPIM;4500;Sim;
2235;25/02/2026;municipio;WENCESLAU GUIMARÃES;MUNICIPIO DE WENCESLAU GUIMARAES;10000;Sim;
2236;25/02/2026;municipio;CAMPO ALEGRE DE LOURDES;FUNDO MUNICIPAL DE SAUDE CAMPO ALEGRE DE LOURDES;7000;Não;
2237;25/02/2026;municipio;ANDORINHA;FUNDO MUNICIPAL DE SAUDE DE ANDORINHA;8000;Sim;
2238;25/02/2026;municipio;IBIRAPITANGA;MUNICIPIO DE IBIRAPITANGA;15500;Sim;
2239;25/02/2026;municipio;BOM JESUS DA LAPA;MUNICIPIO DE BOM JESUS DA LAPA;23100;Sim;
2240;25/02/2026;municipio;ITUBERÁ;MUNICIPIO DE ITUBERA;17500;Não;
2241;25/02/2026;municipio;CANDEIAS;MUNICIPIO DE CANDEIAS;25500;;
2242;25/02/2026;municipio;SÃO FELIPE;SECRETARIA MUNICIPAL DE EDUCACAO DE SAO FELIPE;4000;;
2243;25/02/2026;municipio;IBIRAPITANGA;FUNDO MUNICIPAL DE EDUCACIONAL - FME;5000;Sim;
2244;25/02/2026;municipio;QUIJINGUE;FUNDO MUNICIPAL DE SAUDE DE QUIJINGUE;6000;Sim;
2245;25/02/2026;municipio;SEABRA;FUNDO MUNICIPAL DE ASSISTENCIA SOCIAL DE SEABRA;5000;Sim;
2246;25/02/2026;municipio;SEABRA;MUNICIPIO DE SEABRA;15000;;
2247;25/02/2026;municipio;SEABRA;FUNDO MUNICIPAL DE EDUCACAO - FME;5000;Sim;
2248;25/02/2026;municipio;GUARATINGA;FUNDO MUNICIPAL DE EDUCACAO - FME;7500;Sim;
2249;25/02/2026;municipio;ANDORINHA;FUNDO MUNICIPAL DE ASSISTENCIA SOCIAL;6000;Sim;
2250;25/02/2026;municipio;ANDORINHA;SECRETARIA MUNICIPAL DE EDUCACAO;8000;;
2251;25/02/2026;municipio;ANDORINHA;MUNICIPIO DE ANDORINHA;12050;Sim;
2252;25/02/2026;municipio;ANDORINHA;MUNICIPIO DE ANDORINHA;14000;Sim;
2253;25/02/2026;municipio;BOA VISTA DO TUPIM;FUNDO MUNICIPAL DE ASSISTENCIA SOCIAL FMAS;4000;Sim;
2254;25/02/2026;municipio;BOA VISTA DO TUPIM;FUNDO MUNICIPAL DE SAUDE FUNSAUDE;4000;Sim;
2255;25/02/2026;municipio;BOM JESUS DA LAPA;FUNDO MUNICIPAL DE SAUDE DE BOM JESUS DA LAPA;3300;Sim;
2256;25/02/2026;municipio;BURITIRAMA;FUNDO MUNICIPAL DE SAUDE DE BURITIRAMA;9000;Sim;
2257;25/02/2026;municipio;CONDE;FUNDO MUNICIPAL DE SAUDE DE CONDE;5000;Sim;
2258;25/02/2026;municipio;IBIRAPITANGA;FUNDO MUNICIPAL DE SAUDE IBIRAPITANGA;5000;Sim;
2259;25/02/2026;municipio;IBOTIRAMA;FUNDO MUNICIPAL DE SAUDE;5000;Sim;
2260;25/02/2026;municipio;ITAJU DO COLÔNIA;FUNDO MUNICIPAL DE SAUDE ITAJU DO COLONIA;4500;Sim;
2261;25/02/2026;municipio;ITUBERÁ;FUNDO MUNICIPAL DE ASSISTENCIA SOCIAL ITUBERA;4500;Não;
2262;25/02/2026;municipio;ITUBERÁ;FUNDO MUNICIPAL DE EDUCACAO - FME;4500;Não;
2263;25/02/2026;municipio;QUIJINGUE;FUNDO MUNICIPAL DE ASSISTENCIA SOCIAL;5000;Sim;
2264;25/02/2026;municipio;QUIJINGUE;SECRETARIA MUNICIPAL DA EDUCACAO;6000;Sim;
2265;25/02/2026;municipio;ANDORINHA;SECRETARIA MUNICIPAL DE EDUCACAO;8000;Sim;
2266;26/02/2026;municipio;CONCEIÇÃO DA FEIRA;MUNICIPIO DE CONCEICAO DA FEIRA;6500;Sim;
2267;26/02/2026;municipio;CAMPO ALEGRE DE LOURDES;FUNDO MUNICIPAL DE ASSISTENCIA SOCIAL;6000;Não;
2268;26/02/2026;municipio;ITAJU DO COLÔNIA;MUNICIPIO DE ITAJU DO COLONIA;9000;Sim;
2269;26/02/2026;municipio;JIQUIRIÇÁ;FUNDO MUNICIPAL DE EDUCACAO - FMED;910,2;Sim;
2270;27/02/2026;municipio;JIQUIRIÇÁ;FUNDO MUNICIPAL DE SAUDE DE JIQUIRICA;910,2;Sim;
2271;27/02/2026;municipio;MUQUÉM DE SÃO FRANCISCO;FUNDO MUNICIPAL DE SAUDE;5000;Sim;
2272;27/02/2026;municipio;MUQUÉM DE SÃO FRANCISCO;MUNICIPIO DE MUQUEM DO SAO FRANCISCO;16000;Sim;
2273;27/02/2026;municipio;MUQUÉM DE SÃO FRANCISCO;SECRETARIA MUNICIPAL DA EDUCACAO SEMED;4500;Sim;
2274;27/02/2026;municipio;MUQUÉM DE SÃO FRANCISCO;MUNICIPIO DE MUQUEM DO SAO FRANCISCO;4500;Sim;
2275;27/02/2026;municipio;MUQUÉM DE SÃO FRANCISCO;SECRETARIA MUNICIPAL DA EDUCACAO SEMED;4000;Sim;
2276;27/02/2026;municipio;MUQUÉM DE SÃO FRANCISCO;FUNDO MUNICIPAL DE ASSISTENCIA SOCIAL;2000;Sim;
2277;27/02/2026;municipio;MUQUÉM DE SÃO FRANCISCO;MUNICIPIO DE MUQUEM DO SAO FRANCISCO;20000;Sim;
2278;27/02/2026;municipio;SANTA BÁRBARA;MUNICIPIO DE SANTA BARBARA;15000;Sim;
2279;27/02/2026;municipio;SANTA BÁRBARA;SECRETARIA MUNICIPAL DE EDUCACAO DE SANTA BARBARA;6500;Sim;
2280;27/02/2026;municipio;ITABUNA;RCX LOCACOES E SERVICOS LTDA;12000;Não;
2281;27/02/2026;municipio;SANTA BÁRBARA;FUNDO MUNICIPAL DE ASSISTENCIA SOCIAL - FMAS;4500;Sim;
2282;27/02/2026;municipio;WENCESLAU GUIMARÃES;FUNDO MUNICIPAL DE EDUCACAO - FME DO MUNICIPIO DE WENCESLAU GUIMARAES;4000;Sim;
2283;27/02/2026;municipio;WENCESLAU GUIMARÃES;FUNDO MUNICIPAL DE ASSISTENCIA SOCIAL;4000;Sim;
2284;27/02/2026;municipio;SÃO FELIPE;MUNICIPIO DE SAO FELIPE;12000;Sim;
2285;27/02/2026;municipio;SÃO FELIPE;FUNDO MUNICIPAL DE SAUDE;6000;Não;
2286;27/02/2026;municipio;OLIVEIRA DOS BREJINHOS;MUNICIPIO DE SEABRA;15000;Sim;
2287;27/02/2026;municipio;CANDEIAS;MUNICIPIO DE CANDEIAS;25500;Sim;
2288;02/03/2026;municipio;WENCESLAU GUIMARÃES;MUNICIPIO DE WENCESLAU GUIMARAES;5000;Sim;
2289;05/03/2026;municipio;SANTO ESTÊVÃO;SECRETARIA DA EDUCACAO;5500;Sim;
2290;05/03/2026;municipio;SANTO ESTÊVÃO;FUNDO MUNICIPAL DE SAUDE DE SANTO ESTEVAO;5500;Sim;
2291;05/03/2026;municipio;SANTO ESTÊVÃO;MUNICIPIO DE SANTO ESTEVAO;16500;Sim;
2292;09/03/2026;municipio;SALVADOR;FABRICIO DIAS NUNES DA SILVA;11200;Sim;
2293;10/03/2026;municipio;SALVADOR;MARCONE AMARAL COSTA JUNIOR;9000;Sim;
2295;18/03/2026;camara;MUQUÉM DE SÃO FRANCISCO;CAMARA MUNICIPAL DE MUQUEM DO SAO FRANCISCO;2500;;
2296;18/03/2026;camara;QUIJINGUE;CAMARA MUNICIPAL DE QUIJINGUE;4000;;
2297;18/03/2026;camara;RAFAEL JAMBEIRO;RAFAEL JAMBEIRO CAMARA MUNICIPAL;5000;;
2298;18/03/2026;camara;SANTA BÁRBARA;CAMARA MUNICIPAL DE VEREADORES DE SANTA BARBARA BA;4800;;
2299;18/03/2026;camara;MUQUÉM DE SÃO FRANCISCO;CAMARA MUNICIPAL DE MUQUEM DO SAO FRANCISCO;10000;;
2300;18/03/2026;camara;CAMAMU;CAMAMU CAMARA MUNICIPAL DE VEREADORES;8750;;
2301;18/03/2026;camara;SANTA BÁRBARA;CAMARA MUNICIPAL DE VEREADORES DE SANTA BARBARA BA;9401,4;;
2302;18/03/2026;camara;GLÓRIA;CAMARA MUNICIPAL DE GLORIA;11072,76;;
2303;18/03/2026;camara;SANTA BÁRBARA;CAMARA MUNICIPAL DE VEREADORES DE SANTA BARBARA BA;4500;;
2304;18/03/2026;camara;APORÁ;CAMARA MUNICIPAL DE APORA;4500;;
2305;18/03/2026;camara;MUQUÉM DE SÃO FRANCISCO;CAMARA MUNICIPAL DE MUQUEM DO SAO FRANCISCO;4500;;
2306;18/03/2026;camara;APORÁ;CAMARA MUNICIPAL DE APORA;16500;;
2307;18/03/2026;camara;RAFAEL JAMBEIRO;RAFAEL JAMBEIRO CAMARA MUNICIPAL;10000;;
2308;18/03/2026;camara;QUIJINGUE;CAMARA MUNICIPAL DE QUIJINGUE;3500;;
2309;18/03/2026;camara;SÁTIRO DIAS;CAMARA MUNICIPAL DE SATIRO DIAS;8400;;
2310;18/03/2026;camara;APORÁ;CAMARA MUNICIPAL DE APORA;4500;;
2311;18/03/2026;camara;RAFAEL JAMBEIRO;RAFAEL JAMBEIRO CAMARA MUNICIPAL;5000;;
2312;18/03/2026;camara;APORÁ;CAMARA MUNICIPAL DE APORA;8750;;
2313;18/03/2026;camara;QUIJINGUE;CAMARA MUNICIPAL DE QUIJINGUE;9000;;
2314;18/03/2026;camara;SÁTIRO DIAS;CAMARA MUNICIPAL DE SATIRO DIAS;18000;;
2315;18/03/2026;camara;GLÓRIA;CAMARA MUNICIPAL DE GLORIA;6267,6;;
;;;;;;;
;;;;;;;
